ID,Title,Price,Rating,Stock,Author
book_1,A Light in the Attic,51.77,Three,In stock,Shel Silverstein
book_2,Tipping the Velvet,53.74,One,In stock,Sarah Waters
book_3,Soumission,50.1,One,In stock,E. L. James
book_4,Sharp Objects,47.82,Four,In stock,Gillian Flynn
book_5,Sapiens: A Brief History of Humankind,54.23,Five,In stock,Book Summary
book_6,The Requiem Red,22.65,One,In stock,Brynn Chapman
book_7,The Dirty Little Secrets of Getting Your Dream Job,33.34,Four,In stock,Don Raskin
book_8,"The Coming Woman: A Novel Based on the Life of the Infamous Feminist, Victoria Woodhull",17.93,Three,In stock,Karen J. Hicks
book_9,The Boys in the Boat: Nine Americans and Their Epic Quest for Gold at the 1936 Berlin Olympics,22.6,Four,In stock,Daniel James Brown
book_10,The Black Maria,52.15,One,In stock,Harriet A. Jacobs
book_11,"Starving Hearts (Triangular Trade Trilogy, #1)",13.99,Two,In stock,Unknown
book_12,Shakespeare's Sonnets,20.66,Four,In stock,William Shakespeare
book_13,Set Me Free,17.46,Five,In stock,Jay Dee
book_14,Scott Pilgrim's Precious Little Life (Scott Pilgrim #1),52.29,Five,In stock,Bryan Lee O'Malley
book_15,Rip it Up and Start Again,35.02,Five,In stock,Simon Reynolds
book_16,"Our Band Could Be Your Life: Scenes from the American Indie Underground, 1981-1991",57.25,Three,In stock,Michael Azerrad
book_17,Olio,23.88,One,In stock,Tyehimba Jess
book_18,Mesaerion: The Best Science Fiction Stories 1800-1849,37.59,One,In stock,Andrew Barger
book_19,Libertarianism for Beginners,51.33,Two,In stock,Todd Seavey
book_20,It's Only the Himalayas,45.17,Two,In stock,S. Bedford
book_21,Modern Romance,28.26,Five,In stock,Aziz Ansari
book_22,Miss Peregrineâs Home for Peculiar Children (Miss Peregrineâs Peculiar Children #1),10.76,One,In stock,Unknown
book_23,Louisa: The Extraordinary Life of Mrs. Adams,16.85,Two,In stock,Louisa Thomas
book_24,Little Red,13.47,Three,In stock,Charles Perrault
book_25,Library of Souls (Miss Peregrineâs Peculiar Children #3),48.56,Five,In stock,Unknown
book_26,Large Print Heart of the Pride,19.15,Two,In stock,Jane Austen
book_27,I Had a Nice Time And Other Lies...: How to find love & sh*t like that,57.36,Four,In stock,Betches
book_28,Hollow City (Miss Peregrineâs Peculiar Children #2),42.98,One,In stock,Unknown
book_29,Grumbles,22.16,Two,In stock,Louisa May Alcott
book_30,Full Moon over Noahâs Ark: An Odyssey to Mount Ararat and Beyond,49.43,Four,In stock,Unknown
book_31,Frostbite (Vampire Academy #2),29.99,Five,In stock,Unknown
book_32,Follow You Home,21.36,One,In stock,Sadie Grubor
book_33,First Steps for New Christians (Print Edition),29.0,One,In stock,Bible
book_34,Finders Keepers (Bill Hodges Trilogy #2),53.53,Five,In stock,Stephen King
book_35,"Fables, Vol. 1: Legends in Exile (Fables #1)",41.62,Four,In stock,Bill Willingham
book_36,Eureka Trivia 6.0,54.59,Four,In stock,Unknown
book_37,Drive: The Surprising Truth About What Motivates Us,34.95,Four,In stock,Daniel H. Pink
book_38,Done Rubbed Out (Reightman & Bailey #1),37.72,Five,In stock,Jeffery Craig
book_39,Doing It Over (Most Likely To #1),35.61,Three,In stock,William Shakespeare
book_40,"Deliciously Ella Every Day: Quick and Easy Recipes for Gluten-Free Snacks, Packed Lunches, and Simple Meals",42.16,Three,In stock,Ella Mills
book_41,Dark Notes,19.19,Five,In stock,Joseph Conrad
book_42,"Daring Greatly: How the Courage to Be Vulnerable Transforms the Way We Live, Love, Parent, and Lead",19.43,Three,In stock,Brené Brown
book_43,Close to You,49.46,Four,In stock,Kate Perry
book_44,Chasing Heaven: What Dying Taught Me About Living,37.8,Two,In stock,Crystal McVea
book_45,Big Magic: Creative Living Beyond Fear,30.8,Three,In stock,Elizabeth Gilbert
book_46,Becoming Wise: An Inquiry into the Mystery and Art of Living,27.43,Two,In stock,Krista Tippett
book_47,Beauty Restored (Riley Family Legacy Novellas #3),11.11,Two,In stock,Unknown
book_48,Batman: The Long Halloween (Batman),36.5,Two,In stock,Jeph Loeb
book_49,Batman: The Dark Knight Returns (Batman),15.38,Five,In stock,Frank Miller
book_50,Ayumi's Violin,15.48,Two,In stock,Mariko Tatsumoto
book_51,Anonymous,46.82,Four,In stock,Miguel de Cervantes Saavedra
book_52,Amy Meets the Saints and Sages,18.46,Three,In stock,Ernie Rosenberg
book_53,Amid the Chaos,36.58,One,In stock,Nia Quin
book_54,Amatus,50.54,Five,In stock,Ines Widmann
book_55,Agnostic: A Spirited Manifesto,12.51,Five,In stock,Lesley Hazleton
book_56,Zealot: The Life and Times of Jesus of Nazareth,24.7,Three,In stock,Reza Aslan
book_57,You (You #1),43.61,Five,In stock,William Shakespeare
book_58,"Wonder Woman: Earth One, Volume One (Wonder Woman: Earth One #1)",37.34,Four,In stock,Bible
book_59,Wild Swans,14.36,Two,In stock,Jung Chang
book_60,Why the Right Went Wrong: Conservatism--From Goldwater to the Tea Party and Beyond,52.65,Four,In stock,E. J. Dionne
book_61,Whole Lotta Creativity Going On: 60 Fun and Unusual Exercises to Awaken and Strengthen Your Creativity,38.2,Four,In stock,Regina Pacelli
book_62,What's It Like in Space?: Stories from Astronauts Who've Been There,19.6,Two,In stock,Ariel Waldman
book_63,"We Are Robin, Vol. 1: The Vigilante Business (We Are Robin #1)",53.9,One,In stock,Unknown
book_64,Walt Disney's Alice in Wonderland,12.96,Five,In stock,Teddy Slater
book_65,V for Vendetta (V for Vendetta Complete),37.1,Four,In stock,William Shakespeare
book_66,Until Friday Night (The Field Party #1),46.31,Two,In stock,Abbi Glines
book_67,"Unbroken: A World War II Story of Survival, Resilience, and Redemption",45.95,Two,In stock,Laura Hillenbrand
book_68,Twenty Yawns,22.08,Two,In stock,Jane Smiley
book_69,Through the Woods,25.38,Two,In stock,Lewis Carroll
book_70,This Is Where It Ends,27.12,Two,In stock,Marieke Nijkamp
book_71,The Year of Magical Thinking,43.04,Two,In stock,Joan Didion
book_72,The Wright Brothers,56.8,Four,In stock,Jason Hook
book_73,The White Queen (The Cousins' War #1),25.91,Five,In stock,Philippa Gregory
book_74,The Wedding Pact (The O'Malleys #2),32.61,Three,In stock,Unknown
book_75,The Time Keeper,27.88,Five,In stock,Mitch Albom
book_76,The Testament of Mary,52.67,Four,In stock,Bible
book_77,The Star-Touched Queen,46.02,Five,In stock,Roshani Chokshi
book_78,The Songs of the Gods,44.48,Five,In stock,Vyasa
book_79,The Song of Achilles,37.4,Five,In stock,Madeline Miller
book_80,The Rosie Project (Don Tillman #1),54.04,One,In stock,Graeme Simsion
book_81,The Power of Habit: Why We Do What We Do in Life and Business,16.88,Three,In stock,30 Minute Expert Sum
book_82,The Marriage of Opposites,28.08,Four,In stock,Alice Hoffman
book_83,The Lucifer Effect: Understanding How Good People Turn Evil,10.4,One,In stock,Philip G. Zimbardo
book_84,The Long Haul (Diary of a Wimpy Kid #9),44.07,One,In stock,Unknown
book_85,The Loney,23.4,One,In stock,Andrew Michael Hurley
book_86,The Literature Book (Big Ideas Simply Explained),17.43,Three,In stock,Unknown
book_87,The Last Mile (Amos Decker #2),54.21,Two,In stock,Bible
book_88,The Immortal Life of Henrietta Lacks,40.67,Two,In stock,Rebecca Skloot
book_89,The Hidden Oracle (The Trials of Apollo #1),52.26,Two,In stock,Rick Riordan
book_90,The Help Yourself Cookbook for Kids: 60 Easy Plant-Based Recipes Kids Can Make to Stay Healthy and Save the Earth,28.77,Three,In stock,Ruby Roth
book_91,The Guilty (Will Robie #4),13.82,Two,In stock,David Baldacci
book_92,The First Hostage (J.B. Collins #2),25.85,Three,In stock,Joel C. Rosenberg
book_93,The Dovekeepers,48.78,One,In stock,Alice Hoffman
book_94,The Darkest Lie,35.35,Five,In stock,Gena Showalter
book_95,The Bane Chronicles (The Bane Chronicles #1-11),44.73,Four,In stock,Cassandra Clare
book_96,The Bad-Ass Librarians of Timbuktu: And Their Race to Save the Worldâs Most Precious Manuscripts,15.77,One,In stock,Unknown
book_97,The 14th Colony (Cotton Malone #11),39.24,One,In stock,Steve Berry
book_98,That Darkness (Gardiner and Renner #1),13.92,One,In stock,Lisa Black
book_99,Tastes Like Fear (DI Marnie Rome #3),10.69,One,In stock,Unknown
book_100,Take Me with You,45.21,Three,In stock,Catherine Ryan Hyde
book_101,Swell: A Year of Waves,45.58,One,In stock,Evan Slater
book_102,Superman Vol. 1: Before Truth (Superman by Gene Luen Yang #1),11.89,Five,In stock,Unknown
book_103,Still Life with Bread Crumbs,26.41,Three,In stock,Anna Quindlen
book_104,Steve Jobs,39.5,Five,In stock,Walter Isaacson
book_105,Sorting the Beef from the Bull: The Science of Food Fraud Forensics,44.74,Four,In stock,Richard Evershed
book_106,Someone Like You (The Harrisons #2),52.79,Five,In stock,Unknown
book_107,"So Cute It Hurts!!, Vol. 6 (So Cute It Hurts!! #6)",35.43,Four,In stock,Unknown
book_108,Shtum,55.84,Four,In stock,Jem Lester
book_109,See America: A Celebration of Our National Parks & Treasured Sites,48.87,Three,In stock,Creative Action Network
book_110,salt.,46.78,Four,In stock,Patricia Highsmith
book_111,Robin War,47.82,Three,In stock,Herodotus
book_112,"Red Hood/Arsenal, Vol. 1: Open for Business (Red Hood/Arsenal #1)",25.48,Two,In stock,Unknown
book_113,Rain Fish,23.57,Three,In stock,Lois Ehlert
book_114,"Quarter Life Poetry: Poems for the Young, Broke and Hangry",50.89,Five,In stock,Samantha Jayne
book_115,Pet Sematary,10.56,Three,In stock,Stephen King
book_116,"Overload: How to Unplug, Unwind, and Unleash Yourself from the Pressure of Stress",52.15,Three,In stock,Joyce Meyer
book_117,Once Was a Time,18.28,Two,In stock,Leila Sales
book_118,Old School (Diary of a Wimpy Kid #10),11.83,Five,In stock,Jeff Kinney
book_119,No Dream Is Too High: Life Lessons From a Man Who Walked on the Moon,21.95,Two,In stock,Buzz Aldrin
book_120,"Naruto (3-in-1 Edition), Vol. 14: Includes Vols. 40, 41 & 42 (Naruto: Omnibus #14)",38.39,Two,In stock,Unknown
book_121,My Name Is Lucy Barton,41.56,One,In stock,Elizabeth Strout
book_122,My Mrs. Brown,24.48,Three,In stock,William Norwich
book_123,My Kind of Crazy,40.36,One,In stock,Robin Reul
book_124,Mr. Mercedes (Bill Hodges Trilogy #1),28.9,One,In stock,Stephen King
book_125,More Than Music (Chasing the Dream #1),37.61,Two,In stock,"Briggs, Elizabeth (Young adult author)"
book_126,Made to Stick: Why Some Ideas Survive and Others Die,38.85,Five,In stock,Chip Heath
book_127,Luis Paints the World,53.95,Three,In stock,Terry Farish
book_128,Luckiest Girl Alive,49.83,Three,In stock,Trivion Books Staff
book_129,Lowriders to the Center of the Earth (Lowriders in Space #2),51.51,Two,In stock,Unknown
book_130,Love Is a Mix Tape (Music #1),18.03,One,In stock,Rob Sheffield
book_131,Looking for Lovely: Collecting the Moments that Matter,29.14,Five,In stock,Annie F. Downs
book_132,"Living Leadership by Insight: A Good Leader Achieves, a Great Leader Builds Monuments",46.91,Four,In stock,Unknown
book_133,Let It Out: A Journey Through Journaling,26.79,Five,In stock,Katie Dalebout
book_134,Lady Midnight (The Dark Artifices #1),16.28,Five,In stock,Cassandra Clare
book_135,"It's All Easy: Healthy, Delicious Weeknight Meals in under 30 Minutes",19.55,One,In stock,Unknown
book_136,Island of Dragons (Unwanteds #7),29.65,One,In stock,Lisa McMann
book_137,I Know What I'm Doing -- and Other Lies I Tell Myself: Dispatches from a Life Under Construction,25.98,Four,In stock,Jen Kirkman
book_138,I Am Pilgrim (Pilgrim #1),10.6,Four,In stock,John Bunyan
book_139,"Hyperbole and a Half: Unfortunate Situations, Flawed Coping Mechanisms, Mayhem, and Other Things That Happened",14.75,Five,In stock,Alexandra Brosh
book_140,"Hush, Hush (Hush, Hush #1)",47.02,Three,In stock,Becca Fitzpatrick
book_141,Hold Your Breath (Search and Rescue #1),28.82,One,In stock,Katie Ruggle
book_142,Hamilton: The Revolution,58.79,Three,In stock,Lin-Manuel Miranda
book_143,Greek Mythic History,10.23,Five,In stock,Marc Chagall
book_144,God: The Most Unpleasant Character in All Fiction,30.03,Five,In stock,Dan Barker
book_145,Glory over Everything: Beyond The Kitchen House,45.84,Three,In stock,Kathleen Grissom
book_146,Feathers: Displays of Brilliant Plumage,49.05,Three,In stock,Robert Clark
book_147,"Far & Away: Places on the Brink of Change: Seven Continents, Twenty-Five Years",15.06,Four,In stock,Thomas Hardy
book_148,Every Last Word,46.47,Three,In stock,Tamara Ireland Stone
book_149,Eligible (The Austen Project #4),27.09,Three,In stock,Unknown
book_150,El Deafo,57.62,Five,In stock,Cece Bell
book_151,Eight Hundred Grapes,14.39,Four,In stock,Laura Dave
book_152,"Eaternity: More than 150 Deliciously Easy Vegan Recipes for a Long, Healthy, Satisfied, Joyful Life",51.75,Five,In stock,Jason Wrobel
book_153,"Eat Fat, Get Thin",54.07,Two,In stock,Katya Johansson
book_154,Don't Get Caught,55.35,One,In stock,Kurt Dinan
book_155,Doctor Sleep (The Shining #2),40.12,Two,In stock,Unknown
book_156,Demigods & Magicians: Percy and Annabeth Meet the Kanes (Percy Jackson & Kane Chronicles Crossover #1-3),37.51,Five,In stock,Rick Riordan
book_157,Dear Mr. Knightley,11.21,Five,In stock,Katherine Reay
book_158,Daily Fantasy Sports,36.58,One,In stock,Jay Correia
book_159,Crazy Love: Overwhelmed by a Relentless God,47.72,Two,In stock,Francis Chan
book_160,Cometh the Hour (The Clifton Chronicles #6),25.01,Three,In stock,Jeffrey Archer
book_161,Code Name Verity (Code Name Verity #1),22.13,Four,In stock,Elizabeth Wein
book_162,Clockwork Angel (The Infernal Devices #1),44.14,One,In stock,Cassandra Clare
book_163,City of Glass (The Mortal Instruments #3),56.02,Four,In stock,Cassandra Clare
book_164,City of Fallen Angels (The Mortal Instruments #4),11.23,Four,In stock,Cassandra Clare
book_165,City of Bones (The Mortal Instruments #1),43.28,One,In stock,Cassandra Clare
book_166,City of Ashes (The Mortal Instruments #2),47.27,One,In stock,Cassandra Clare
book_167,Cell,20.29,Four,In stock,Kwang W. Jeon
book_168,Catching Jordan (Hundred Oaks),50.83,Three,In stock,Unknown
book_169,"Carry On, Warrior: Thoughts on Life Unarmed",31.85,Three,In stock,Glennon Melton
book_170,Carrie,46.23,Two,In stock,Stephen King
book_171,Buying In: The Secret Dialogue Between What We Buy and Who We Are,37.8,Four,In stock,Rob Walker
book_172,Brain on Fire: My Month of Madness,49.32,Five,In stock,Susannah Cahalan
book_173,Batman: Europa,32.01,Two,In stock,Matteo Casali
book_174,Barefoot Contessa Back to Basics,28.01,One,In stock,Ina Garten
book_175,Barefoot Contessa at Home: Everyday Recipes You'll Make Over and Over Again,50.62,Five,In stock,Ina Garten
book_176,Balloon Animals,17.03,Three,In stock,Barb Whiter
book_177,Art Ops Vol. 1,48.8,Three,In stock,Shaun Simon
book_178,Aristotle and Dante Discover the Secrets of the Universe (Aristotle and Dante Discover the Secrets of the Universe #1),58.14,Four,In stock,Benjamin Alire Sáenz
book_179,Angels Walking (Angels Walking #1),34.2,Two,In stock,Karen Kingsbury
book_180,Angels & Demons (Robert Langdon #1),51.48,Three,In stock,Dan Brown
book_181,All the Light We Cannot See,29.87,Five,In stock,Anthony Doerr
book_182,"Adulthood Is a Myth: A ""Sarah's Scribbles"" Collection",10.9,Two,In stock,Sarah Andersen
book_183,Abstract City,56.37,Five,In stock,Samuel Johnson
book_184,A Time of Torment (Charlie Parker #14),48.35,Five,In stock,John Connolly
book_185,A Study in Scarlet (Sherlock Holmes #1),16.73,Two,In stock,Arthur Conan Doyle
book_186,"A Series of Catastrophes and Miracles: A True Story of Love, Science, and Cancer",56.48,Two,In stock,Mary Elizabeth Williams
book_187,A People's History of the United States,40.79,Two,In stock,Howard Zinn
book_188,A Man Called Ove,39.72,One,In stock,Fredrik Backman
book_189,A Distant Mirror: The Calamitous 14th Century,14.58,Three,In stock,Barbara Tuchman
book_190,A Brush of Wings (Angels Walking #3),55.51,One,In stock,Karen Kingsbury
book_191,1491: New Revelations of the Americas Before Columbus,21.8,Three,In stock,Charles C. Mann
book_192,"The Three Searches, Meaning, and the Story",13.33,Three,In stock,John H.T. Francis
book_193,Searching for Meaning in Gailana,38.73,One,In stock,John H. T. Francis
book_194,Rook,37.86,Four,In stock,Kālidāsa
book_195,My Kitchen Year: 136 Recipes That Saved My Life,11.53,Two,In stock,Ruth Reichl
book_196,13 Hours: The Inside Account of What Really Happened In Benghazi,27.06,One,In stock,MItchell Zuckoff
book_197,Will You Won't You Want Me?,13.86,Three,In stock,Nora Zelevansky
book_198,Tipping Point for Planet Earth: How Close Are We to the Edge?,37.55,One,In stock,Anthony D. Barnosky
book_199,The Star-Touched Queen,32.3,Five,In stock,Roshani Chokshi
book_200,The Silent Sister (Riley MacPherson #1),46.29,Five,In stock,Unknown
book_201,The Midnight Watch: A Novel of the Titanic and the Californian,26.2,One,In stock,David Dyer
book_202,The Lonely City: Adventures in the Art of Being Alone,33.26,Two,In stock,Olivia Laing
book_203,The Gray Rhino: How to Recognize and Act on the Obvious Dangers We Ignore,59.15,Four,In stock,Michele Wucker
book_204,The Golden Condom: And Other Essays on Love Lost and Found,39.43,One,In stock,Jeanne Safer
book_205,The Epidemic (The Program 0.6),14.44,Five,In stock,Unknown
book_206,The Dinner Party,56.54,Two,In stock,Neil Simon
book_207,The Diary of a Young Girl,59.9,Three,In stock,Anne Frank
book_208,The Children,11.88,Three,In stock,Kurt Vonnegut
book_209,Stars Above (The Lunar Chronicles #4.5),48.05,Two,In stock,Marissa Meyer
book_210,Snatched: How A Drug Queen Went Undercover for the DEA and Was Kidnapped By Colombian Guerillas,21.21,Three,In stock,Unknown
book_211,Raspberry Pi Electronics Projects for the Evil Genius,49.67,Four,In stock,"Norris, Donald (Electrical engineer)"
book_212,Quench Your Own Thirst: Business Lessons Learned Over a Beer or Two,43.14,One,In stock,Jim Koch
book_213,Psycho: Sanitarium (Psycho #1.5),36.97,Five,In stock,Chet Williamson
book_214,Poisonous (Max Revere Novels #3),26.8,Three,In stock,Unknown
book_215,One with You (Crossfire #5),15.71,Four,In stock,Unknown
book_216,No Love Allowed (Dodge Cove #1),54.65,Four,In stock,Unknown
book_217,Murder at the 42nd Street Library (Raymond Ambler #1),54.36,Four,In stock,Unknown
book_218,Most Wanted,35.28,Three,In stock,R. L. Stine
book_219,"Love, Lies and Spies",20.55,Two,In stock,Cindy Anstey
book_220,How to Speak Golf: An Illustrated Guide to Links Lingo,58.32,Five,In stock,Sally Cook
book_221,In Her Wake,12.84,One,In stock,Amanda Jennings
book_222,How Music Works,37.32,Two,In stock,David Byrne
book_223,"Foolproof Preserving: A Guide to Small Batch Jams, Jellies, Pickles, Condiments, and More: A Foolproof Guide to Making Small Batch Jams, Jellies, Pickles, Condiments, and More",30.52,Three,In stock,Unknown
book_224,Chase Me (Paris Nights #2),25.27,Five,In stock,Supersummary
book_225,Black Dust,34.53,Five,In stock,Napoleon Hill
book_226,Birdsong: A Story in Pictures,54.64,Three,In stock,James Sturm
book_227,America's Cradle of Quarterbacks: Western Pennsylvania's Football Factory from Johnny Unitas to Joe Montana,22.5,Three,In stock,Wayne Stewart
book_228,Aladdin and His Wonderful Lamp,53.13,Three,In stock,Fred Locke
book_229,Worlds Elsewhere: Journeys Around Shakespeareâs Globe,40.3,Five,In stock,Unknown
book_230,Wall and Piece,44.18,Four,In stock,BANSKY.
book_231,The Four Agreements: A Practical Guide to Personal Freedom,17.66,Five,In stock,Don Miguel Ruiz
book_232,The Five Love Languages: How to Express Heartfelt Commitment to Your Mate,31.05,Three,In stock,Gary D. Chapman
book_233,The Elephant Tree,23.82,Five,In stock,Penny Dale
book_234,The Bear and the Piano,36.89,One,In stock,David Litchfield
book_235,Sophie's World,15.94,Five,In stock,Jostein Gaarder
book_236,Penny Maybe,33.29,Three,In stock,Kathleen Martin
book_237,Maude (1883-1993):She Grew Up with the country,18.02,Two,In stock,Mardo Williams
book_238,"In a Dark, Dark Wood",19.63,One,In stock,Ruth Ware
book_239,Behind Closed Doors,52.22,Four,In stock,B.A. Paris
book_240,You can't bury them all: Poems,33.63,Two,In stock,Patrick Woodcock
book_241,Hide Away (Eve Duncan #20),11.84,One,In stock,Iris Johansen
book_242,Furiously Happy: A Funny Book About Horrible Things,41.46,Four,In stock,Jenny Lawson
book_243,Everyday Italian: 125 Simple and Delicious Recipes,20.1,Five,In stock,Giada De Laurentiis
book_244,Equal Is Unfair: America's Misguided Fight Against Income Inequality,56.86,One,In stock,Don Watkins
book_245,Eleanor & Park,56.51,Five,In stock,Eleanor Hodgman Porter
book_246,Dirty (Dive Bar #1),40.83,Four,In stock,Unknown
book_247,Can You Keep a Secret? (Fear Street Relaunch #4),48.64,One,In stock,Unknown
book_248,Boar Island (Anna Pigeon #19),59.48,Three,In stock,Nevada Barr
book_249,A Paris Apartment,39.01,Four,In stock,Lucy Foley
book_250,"A la Mode: 120 Recipes in 60 Pairings: Pies, Tarts, Cakes, Crisps, and More Topped with Ice Cream, Gelato, Frozen Custard, and More",38.77,One,In stock,Mark Scarbrough
book_251,Troublemaker: Surviving Hollywood and Scientology,48.39,Two,In stock,Leah Remini
book_252,The Widow,27.26,Two,In stock,William Makepeace Thackeray
book_253,"The Sleep Revolution: Transforming Your Life, One Night at a Time",11.68,Four,In stock,"Huffington, Arianna Stassinopoulos"
book_254,The Improbability of Love,59.45,One,In stock,Hannah Rothschild
book_255,The Art of Startup Fundraising,21.0,Three,In stock,Alejandro Cremades
book_256,Take Me Home Tonight (Rock Star Romance #3),53.98,Three,In stock,Erika Kelly
book_257,Sleeping Giants (Themis Files #1),48.74,One,In stock,Sylvain Neuvel
book_258,"Setting the World on Fire: The Brief, Astonishing Life of St. Catherine of Siena",21.15,Two,In stock,Shelley Emling
book_259,Playing with Fire,13.71,Three,In stock,Derek Landy
book_260,Off the Hook (Fishing for Trouble #1),47.67,Three,In stock,Unknown
book_261,Mothering Sunday,13.34,Two,In stock,Noel Streatfeild
book_262,"Mother, Can You Not?",16.89,Five,In stock,Kate Friedman
book_263,M Train,27.18,One,In stock,Agatha Christie
book_264,Lilac Girls,17.28,Two,In stock,Martha Hall Kelly
book_265,Lies and Other Acts of Love,45.14,One,In stock,Kristy Woodson Harvey
book_266,Lab Girl,40.85,One,In stock,Hope Jahren
book_267,Keep Me Posted,20.46,Four,In stock,Lisa Beazley
book_268,It Didn't Start with You: How Inherited Family Trauma Shapes Who We Are and How to End the Cycle,56.27,Three,In stock,Jerry Dones
book_269,Grey (Fifty Shades #4),48.49,Four,In stock,E. L. James
book_270,"Exit, Pursued by a Bear",51.34,Four,In stock,E. K. Johnston
book_271,Daredevils,16.34,Three,In stock,Rosemary Carter
book_272,Cravings: Recipes for What You Want to Eat,20.5,Three,In stock,Unknown
book_273,Born for This: How to Find the Work You Were Meant to Do,21.59,Five,In stock,Chris Guillebeau
book_274,Arena,21.36,Four,In stock,Erskine Childers
book_275,Adultery,20.88,Five,In stock,Thomas Hardy
book_276,A Mother's Reckoning: Living in the Aftermath of Tragedy,19.53,Three,In stock,Sue Klebold
book_277,A Gentleman's Position (Society of Gentlemen #3),14.75,Five,In stock,Unknown
book_278,11/22/63,48.48,Three,In stock,Stephen King
book_279,"10% Happier: How I Tamed the Voice in My Head, Reduced Stress Without Losing My Edge, and Found Self-Help That Actually Works",24.57,Two,In stock,Dan Harris
book_280,10-Day Green Smoothie Cleanse: Lose Up to 15 Pounds in 10 Days!,49.71,Five,In stock,JJ Smith
book_281,Without Shame,48.27,Five,In stock,Julia Owen
book_282,Watchmen,58.05,Four,In stock,Alan Moore
book_283,Unlimited Intuition Now,58.87,Four,In stock,Catherine Carrigan
book_284,Underlying Notes,11.82,Two,In stock,Eva Pasco
book_285,The Shack,28.03,One,In stock,William P. Young
book_286,The New Brand You: Your New Image Makes the Sale for You,44.05,Five,In stock,Julie Broad
book_287,"The Moosewood Cookbook: Recipes from Moosewood Restaurant, Ithaca, New York",12.34,Four,In stock,Mollie Katzen
book_288,The Flowers Lied,16.68,Two,In stock,Lewis Carroll
book_289,"The Fabric of the Cosmos: Space, Time, and the Texture of Reality",55.91,One,In stock,Brian Greene
book_290,The Book of Mormon,24.57,Three,In stock,The Book of Mormon ( Complete )
book_291,The Art and Science of Low Carbohydrate Living,52.98,Five,In stock,Jeff Volek
book_292,The Alien Club,54.4,One,In stock,H. G. Wells
book_293,Suzie Snowflake: One beautiful flake (a self-esteem story),54.81,Five,In stock,Unknown
book_294,Nap-a-Roo,25.08,One,In stock,Kristy Kurjan
book_295,"NaNo What Now? Finding your editing process, revising your NaNoWriMo book and building a writing career through publishing and beyond",10.41,Four,In stock,Hillary DePiano
book_296,Modern Day Fables,47.44,Two,In stock,Jason Petersen
book_297,If I Gave You God's Phone Number....: Searching for Spirituality in America,20.91,One,In stock,Mare Cromwell
book_298,"Fruits Basket, Vol. 9 (Fruits Basket #9)",33.95,Four,In stock,Natsuki Takaya
book_299,Dress Your Family in Corduroy and Denim,43.68,Three,In stock,David Sedaris
book_300,Don't Forget Steven,33.23,One,In stock,P. D. Workman
book_301,Chernobyl 01:23:40: The Incredible True Story of the World's Worst Nuclear Disaster,35.92,Two,In stock,Andrew Leatherbarrow
book_302,Art and Fear: Observations on the Perils (and Rewards) of Artmaking,48.63,Four,In stock,"David Bayles, Ted Orland"
book_303,A Shard of Ice (The Black Symphony Saga #1),56.63,Three,In stock,Unknown
book_304,A Hero's Curse (The Unseen Chronicles #1),50.49,Three,In stock,Unknown
book_305,23 Degrees South: A Tropical Tale of Changing Whether...,35.79,Two,In stock,Neal Rabin
book_306,"Zero to One: Notes on Startups, or How to Build the Future",34.06,Three,In stock,Peter A. Thiel
book_307,Why Not Me?,17.76,One,In stock,Mindy Kaling
book_308,When Breath Becomes Air,39.36,Two,In stock,Paul Kalanithi
book_309,Vagabonding: An Uncommon Guide to the Art of Long-Term World Travel,36.94,Two,In stock,Rolf Potts
book_310,The Unlikely Pilgrimage of Harold Fry (Harold Fry #1),43.62,Five,In stock,Rachel Joyce
book_311,The New Drawing on the Right Side of the Brain,43.02,Three,In stock,Betty Edwards
book_312,"The Midnight Assassin: Panic, Scandal, and the Hunt for America's First Serial Killer",28.45,Four,In stock,Skip Hollandsworth
book_313,The Martian (The Martian #1),41.39,Two,In stock,Ray Bradbury
book_314,The High Mountains of Portugal,51.15,One,In stock,Yann Martel
book_315,The Grownup,35.88,One,In stock,Frances Hodgson Burnett
book_316,The E-Myth Revisited: Why Most Small Businesses Don't Work and What to Do About It,36.91,One,In stock,Michael E. Gerber
book_317,South of Sunshine,28.93,One,In stock,Dana Elmendorf
book_318,Smarter Faster Better: The Secrets of Being Productive in Life and Business,38.89,Five,In stock,Charles Duhigg
book_319,Silence in the Dark (Logan Point #4),58.33,Three,In stock,Unknown
book_320,Shadows of the Past (Logan Point #1),39.67,Five,In stock,Unknown
book_321,Roller Girl,14.1,Five,In stock,Victoria Jamieson
book_322,Rising Strong,21.82,Three,In stock,Brené Brown
book_323,Proofs of God: Classical Arguments from Tertullian to Barth,54.21,One,In stock,Matthew Levering
book_324,Please Kill Me: The Uncensored Oral History of Punk,31.19,Four,In stock,Legs McNeil
book_325,Out of Print: City Lights Spotlight No. 14,53.64,Five,In stock,Unknown
book_326,My Life Next Door (My Life Next Door ),36.39,Five,In stock,Huntley Fitzpatrick
book_327,Miller's Valley,58.54,Two,In stock,Anna Quindlen
book_328,Man's Search for Meaning,29.48,Three,In stock,Viktor E. Frankl
book_329,"Love That Boy: What Two Presidents, Eight Road Trips, and My Son Taught Me About a Parent's Expectations",25.06,Two,In stock,Ron Fournier
book_330,Living Forward: A Proven Plan to Stop Drifting and Get the Life You Want,12.55,Three,In stock,Michael S. Hyatt
book_331,Les Fleurs du Mal,29.04,Five,In stock,Charles Baudelaire
book_332,Left Behind (Left Behind #1),40.72,Two,In stock,Jerry B. Jenkins
book_333,Kill 'Em and Leave: Searching for James Brown and the American Soul,45.05,Five,In stock,James McBride
book_334,Kierkegaard: A Christian Missionary to Christians,47.13,One,In stock,Mark A. Tietjen
book_335,John Vassos: Industrial Design for Modern Life,20.22,Four,In stock,Danielle Shapiro
book_336,I'll Give You the Sun,56.48,One,In stock,Jandy Nelson
book_337,I Will Find You,44.21,One,In stock,Harlan Coben
book_338,Hystopia: A Novel,21.96,Four,In stock,David Means
book_339,Howl and Other Poems,40.45,Two,In stock,Allen Ginsberg
book_340,History of Beauty,10.29,Four,In stock,Anna Sewell
book_341,Heaven is for Real: A Little Boy's Astounding Story of His Trip to Heaven and Back,52.86,Two,In stock,Todd Burpo
book_342,Future Shock (Future Shock #1),55.65,Five,In stock,Alvin Toffler
book_343,Ender's Game (The Ender Quintet #1),43.64,One,In stock,Orson Scott Card
book_344,Diary of a Citizen Scientist: Chasing Tiger Beetles and Other New Ways of Engaging the World,28.41,One,In stock,Sharman Apt Russell
book_345,Death by Leisure: A Cautionary Tale,37.51,Four,In stock,Chris Ayres
book_346,Brilliant Beacons: A History of the American Lighthouse,11.45,Three,In stock,Eric Jay Dolin
book_347,Brazen: The Courage to Find the You That's Been Hiding,19.22,Two,In stock,Leeana Tankersley
book_348,Between the World and Me,56.91,Four,In stock,Ta-Nehisi Coates
book_349,Being Mortal: Medicine and What Matters in the End,55.06,Four,In stock,EssentialReads
book_350,"A Murder Over a Girl: Justice, Gender, Junior High",13.2,Three,In stock,Ken Corbett
book_351,32 Yolks,53.63,Two,In stock,Unknown
book_352,"""Most Blessed of the Patriarchs"": Thomas Jefferson and the Empire of the Imagination",44.48,Five,In stock,Annette Gordon-Reed
book_353,You Are a Badass: How to Stop Doubting Your Greatness and Start Living an Awesome Life,12.08,Three,In stock,Jen Sincero
book_354,Wildlife of New York: A Five-Borough Coloring Book,22.14,Two,In stock,Giada Crispiels
book_355,What Happened on Beale Street (Secrets of the South Mysteries #2),25.37,Five,In stock,Unknown
book_356,Unreasonable Hope: Finding Faith in the God Who Brings Purpose to Your Pain,46.33,Two,In stock,Chad Veach
book_357,Under the Tuscan Sun,37.33,Three,In stock,Frances Mayes
book_358,Toddlers Are A**holes: It's Not Your Fault,25.55,One,In stock,Unknown
book_359,The Year of Living Biblically: One Man's Humble Quest to Follow the Bible as Literally as Possible,34.72,One,In stock,"Jacobs, A. J."
book_360,The Whale,35.96,Four,In stock,Herman Melville
book_361,The Story of Art,41.14,Four,In stock,E. H. Gombrich
book_362,The Origin of Species,10.01,Four,In stock,Charles Darwin
book_363,The Great Gatsby,36.05,Four,In stock,F. Scott Fitzgerald
book_364,The Good Girl,49.03,Three,In stock,Mary Kubica
book_365,The Glass Castle,16.24,One,In stock,Jeannette Walls
book_366,The Faith of Christopher Hitchens: The Restless Soul of the World's Most Notorious Atheist,39.55,One,In stock,Larry Alex Taunton
book_367,The Drowning Girls,35.67,Three,In stock,Caitlín R. Kiernan
book_368,The Constant Princess (The Tudor Court #1),16.62,Three,In stock,Philippa Gregory
book_369,The Bourne Identity (Jason Bourne #1),42.78,Four,In stock,Robert Ludlum
book_370,The Bachelor Girl's Guide to Murder (Herringford and Watts Mysteries #1),52.3,Five,In stock,Unknown
book_371,The Art Book,32.34,Two,In stock,Erich Fromm
book_372,The 7 Habits of Highly Effective People: Powerful Lessons in Personal Change,33.17,Four,In stock,Readtrepreneur Publishing
book_373,Team of Rivals: The Political Genius of Abraham Lincoln,20.12,Five,In stock,Doris Kearns Goodwin
book_374,Steal Like an Artist: 10 Things Nobody Told You About Being Creative,20.9,Two,In stock,Austin Kleon
book_375,"Sit, Stay, Love",20.9,Three,In stock,"Howard, J.J"
book_376,Sister Dear,40.2,Four,In stock,Laura McNeill
book_377,"Shrunken Treasures: Literary Classics, Short, Sweet, and Silly",52.87,Three,In stock,Scott Nash
book_378,"Rich Dad, Poor Dad",51.74,One,In stock,Robert T. Kiyosaki
book_379,Raymie Nightingale,34.41,Two,In stock,Kate DiCamillo
book_380,Playing from the Heart,32.38,One,In stock,Roger Crawford
book_381,Nightstruck: A Novel,50.35,Four,In stock,Unknown
book_382,"Naturally Lean: 125 Nourishing Gluten-Free, Plant-Based Recipes--All Under 300 Calories",11.38,Five,In stock,Allyson Kramer
book_383,Meternity,43.58,Three,In stock,Meghann Foye
book_384,Memoirs of a Geisha,49.67,Three,In stock,Arthur Golden
book_385,Like Never Before (Walker Family #2),28.77,Two,In stock,William Shakespeare
book_386,Life of Pi,13.22,Four,In stock,Yann Martel
book_387,Leave This Song Behind: Teen Poetry at Its Best,51.17,Five,In stock,John Meyer
book_388,King's Folly (The Kinsman Chronicles #1),39.61,Five,In stock,Unknown
book_389,John Adams,57.43,Four,In stock,David McCullough
book_390,How to Cook Everything Vegetarian: Simple Meatless Recipes for Great Food (How to Cook Everything),46.01,Four,In stock,Mark Bittman
book_391,How to Be a Domestic Goddess: Baking and the Art of Comfort Cooking,28.25,Two,In stock,Nigella Lawson
book_392,Good in Bed (Cannie Shapiro #1),37.05,Five,In stock,Unknown
book_393,"Fruits Basket, Vol. 7 (Fruits Basket #7)",19.57,One,In stock,Natsuki Takaya
book_394,For the Love: Fighting for Grace in a World of Impossible Standards,45.13,Three,In stock,Jen Hatmaker
book_395,Finding God in the Ruins: How God Redeems Pain,46.64,Two,In stock,Matt Bays
book_396,Every Heart a Doorway (Every Heart A Doorway #1),12.16,Five,In stock,Seanan McGuire
book_397,Delivering the Truth (Quaker Midwife Mystery #1),20.89,Four,In stock,Edith Maxwell
book_398,Counted With the Stars (Out from Egypt #1),17.97,Five,In stock,Unknown
book_399,"Chronicles, Vol. 1",52.6,Two,In stock,Лев Толстой
book_400,Blue Like Jazz: Nonreligious Thoughts on Christian Spirituality,25.77,One,In stock,Unknown
book_401,Benjamin Franklin: An American Life,48.19,Three,In stock,Walter Isaacson
book_402,"At The Existentialist CafÃ©: Freedom, Being, and apricot cocktails with: Jean-Paul Sartre, Simone de Beauvoir, Albert Camus, Martin Heidegger, Edmund Husserl, Karl Jaspers, Maurice Merleau-Ponty and others",29.93,Five,In stock,Unknown
book_403,A Summer In Europe,44.34,Two,In stock,Mary H. Wills
book_404,A Short History of Nearly Everything,52.4,Five,In stock,Bill Bryson
book_405,A Gathering of Shadows (Shades of Magic #2),44.81,Four,In stock,V. E. Schwab
book_406,The Sound Of Love,57.84,Five,In stock,Thomas Hardy
book_407,The Rise and Fall of the Third Reich: A History of Nazi Germany,39.67,Two,In stock,William L. Shirer
book_408,The Perks of Being a Wallflower,55.02,Three,In stock,Stephen Chbosky
book_409,The Mysterious Affair at Styles (Hercule Poirot #1),24.8,Four,In stock,Agatha Christie
book_410,The Man Who Mistook His Wife for a Hat and Other Clinical Tales,59.45,Four,In stock,Dario Krpan
book_411,The Makings of a Fatherless Child,31.58,Two,In stock,Chandler Alexander
book_412,The Joy of Cooking,43.27,Four,In stock,Irma S. Rombauer
book_413,The Invention of Wings,37.34,One,In stock,Sue Monk Kidd
book_414,The Hobbit (Middle-Earth Universe),17.8,Five,In stock,Perry C. Bramlett
book_415,The Great Railway Bazaar,30.54,One,In stock,Paul Theroux
book_416,The Golden Compass (His Dark Materials #1),18.77,One,In stock,Philip Pullman
book_417,The God Delusion,46.85,Three,In stock,Richard Dawkins
book_418,The Girl You Left Behind (The Girl You Left Behind #1),15.79,One,In stock,Jojo Moyes
book_419,The Fellowship of the Ring (The Lord of the Rings #1),10.27,Two,In stock,J.R.R. Tolkien
book_420,The Collected Poems of W.B. Yeats (The Collected Works of W.B. Yeats #1),15.42,Five,In stock,William Butler Yeats
book_421,The Barefoot Contessa Cookbook,59.92,Five,In stock,Ina Garten
book_422,Tell the Wolves I'm Home,50.96,Two,In stock,Carol Rifka Brunt
book_423,Ship Leaves Harbor: Essays on Travel by a Recovering Journeyman,30.6,Three,In stock,Unknown
book_424,Pride and Prejudice,19.27,Four,In stock,Jane Austen
book_425,Musicophilia: Tales of Music and the Brain,46.58,One,In stock,Oliver Sacks
book_426,Mere Christianity,48.51,Three,In stock,C.S. Lewis
book_427,Me Before You (Me Before You #1),19.02,One,In stock,Rachel Banks
book_428,In the Woods (Dublin Murder Squad #1),38.38,Two,In stock,Tana French
book_429,In Cold Blood,49.98,Four,In stock,Truman Capote
book_430,How to Stop Worrying and Start Living,46.49,Five,In stock,Dale Carnegie
book_431,Give It Back,18.32,Two,In stock,Kimberly Daniels
book_432,"Girl, Interrupted",42.14,Three,In stock,Susanna Kaysen
book_433,Fun Home: A Family Tragicomic,56.59,Four,In stock,Alison Bechdel
book_434,"Fruits Basket, Vol. 6 (Fruits Basket #6)",20.96,Four,In stock,Natsuki Takaya
book_435,Deception Point,40.32,Four,In stock,Dan Brown
book_436,"Death Note, Vol. 6: Give-and-Take (Death Note #6)",36.39,Three,In stock,Tsugumi Ohba
book_437,Catherine the Great: Portrait of a Woman,58.55,Four,In stock,Robert K. Massie
book_438,Better Homes and Gardens New Cook Book,39.61,Three,In stock,Better Homes and Gardens Editors
book_439,An Unquiet Mind: A Memoir of Moods and Madness,21.3,Three,In stock,Kay R. Jamison
book_440,A Year in Provence (Provence #1),56.88,Four,In stock,Peter Mayle
book_441,Slow States of Collapse: Poems,57.31,Three,In stock,Ashley-Elizabeth Best
book_442,Reasons to Stay Alive,26.41,Two,In stock,Matt Haig
book_443,Private Paris (Private #10),47.61,Five,In stock,James Patterson
book_444,#HigherSelfie: Wake Up Your Life. Free Your Soul. Find Your Tribe.,23.11,Five,In stock,Unknown
book_445,Without Borders (Wanderlove #1),45.07,Two,In stock,Amanda Heger
book_446,When We Collided,31.77,One,In stock,Emery Lord
book_447,"We Love You, Charlie Freeman",50.27,Five,In stock,Kaitlyn Greenidge
book_448,Untitled Collection: Sabbath Poems 2014,14.27,Four,In stock,Unknown
book_449,"Unseen City: The Majesty of Pigeons, the Discreet Charm of Snails & Other Wonders of the Urban Wilderness",44.18,Four,In stock,Nathanael Johnson
book_450,Unicorn Tracks,18.78,Three,In stock,Julia Ember
book_451,"Unbound: How Eight Technologies Made Us Human, Transformed Society, and Brought Our World to the Brink",25.52,One,In stock,Richard L. Currier
book_452,Tsubasa: WoRLD CHRoNiCLE 2 (Tsubasa WoRLD CHRoNiCLE #2),16.28,One,In stock,Clamp
book_453,Throwing Rocks at the Google Bus: How Growth Became the Enemy of Prosperity,31.12,Three,In stock,Douglas Rushkoff
book_454,This One Summer,19.49,Four,In stock,Mariko Tamaki
book_455,Thirst,17.27,Five,In stock,SuperSummary
book_456,The Torch Is Passed: A Harding Family Story,19.09,One,In stock,Unknown
book_457,The Secret of Dreadwillow Carse,56.13,One,In stock,Brian Farrey
book_458,"The Pioneer Woman Cooks: Dinnertime: Comfort Classics, Freezer Food, 16-Minute Meals, and Other Delicious Ways to Solve Supper!",56.41,One,In stock,Ree Drummond
book_459,The Past Never Ends,56.5,Four,In stock,Jackson Burnett
book_460,The Natural History of Us (The Fine Art of Pretending #2),45.22,Three,In stock,Unknown
book_461,World Without End (The Pillars of the Earth #2),32.97,Four,In stock,Ken Follett
book_462,"Will Grayson, Will Grayson (Will Grayson, Will Grayson)",47.31,Four,In stock,John Green
book_463,Why Save the Bankers?: And Other Essays on Our Economic and Political Crisis,48.67,Two,In stock,Thomas Piketty
book_464,Where She Went (If I Stay #2),41.73,Four,In stock,Book*Sense
book_465,What If?: Serious Scientific Answers to Absurd Hypothetical Questions,53.68,Four,In stock,J. K. ROFLing
book_466,Two Summers,14.64,One,In stock,Theodore Dreiser
book_467,This Is Your Brain on Music: The Science of a Human Obsession,38.4,One,In stock,Daniel J. Levitin
book_468,The Secret Garden,15.08,Four,In stock,Frances Hodgson Burnett
book_469,The Raven King (The Raven Cycle #4),30.57,Two,In stock,Maggie Stiefvater
book_470,The Raven Boys (The Raven Cycle #1),57.74,Four,In stock,Maggie Stiefvater
book_471,The Power Greens Cookbook: 140 Delicious Superfood Recipes,11.05,Five,In stock,Dana Jacobi
book_472,The Metamorphosis,28.58,One,In stock,Franz Kafka
book_473,The Mathews Men: Seven Brothers and the War Against Hitler's U-boats,42.91,Five,In stock,William Geroux
book_474,The Little Paris Bookshop,24.73,Three,In stock,Nina George
book_475,The Hiding Place,55.91,Four,In stock,Corrie ten Boom
book_476,The Grand Design,13.76,Three,In stock,Stephen Hawking
book_477,The Firm,45.56,Three,In stock,John Grisham
book_478,The Fault in Our Stars,47.22,One,In stock,John Green
book_479,The False Prince (The Ascendance Trilogy #1),56.0,Five,In stock,Jennifer A. Nielsen
book_480,The Expatriates,44.58,Two,In stock,Ernest Hemingway
book_481,The Dream Thieves (The Raven Cycle #2),34.5,One,In stock,Maggie Stiefvater
book_482,The Darkest Corners,11.33,Five,In stock,Elizabeth Haynes
book_483,The Crossover,38.77,Four,In stock,Kwame Alexander
book_484,The 5th Wave (The 5th Wave #1),11.83,Two,In stock,Rick Yancey
book_485,Tell the Wind and Fire,45.51,Three,In stock,Sarah Rees Brennan
book_486,Tell Me Three Things,41.81,One,In stock,Julie Buxbaum
book_487,Talking to Girls About Duran Duran: One Young Man's Quest for True Love and a Cooler Haircut,25.15,Four,In stock,Rob Sheffield
book_488,Siddhartha,34.22,Five,In stock,Hermann Hesse
book_489,Shiver (The Wolves of Mercy Falls #1),16.23,Five,In stock,Unknown
book_490,Remember Me?,11.48,Three,In stock,Christopher Pike
book_491,Red Dragon (Hannibal Lecter #1),23.37,Three,In stock,Thomas Harris
book_492,Peak: Secrets from the New Science of Expertise,16.28,Two,In stock,K. Anders Ericsson
book_493,My Mother Was Nuts,31.63,Four,In stock,Penny Marshall
book_494,Mexican Today: New and Rediscovered Recipes for Contemporary Kitchens,24.91,Five,In stock,Pati Jinich
book_495,Maybe Something Beautiful: How Art Transformed a Neighborhood,22.54,One,In stock,F. Isabel Campoy
book_496,Lola and the Boy Next Door (Anna and the French Kiss #2),23.63,Four,In stock,Unknown
book_497,Logan Kade (Fallen Crest High #5.5),13.12,Two,In stock,Unknown
book_498,Last One Home (New Beginnings #1),59.98,Three,In stock,SuperSummary
book_499,Killing Floor (Jack Reacher #1),31.49,Four,In stock,Lee Child
book_500,Kill the Boy Band,15.52,Five,In stock,Goldy Moldavsky
book_501,Isla and the Happily Ever After (Anna and the French Kiss #3),48.13,Five,In stock,Unknown
book_502,If I Stay (If I Stay #1),38.13,Five,In stock,Gayle Forman
book_503,I Know Why the Caged Bird Sings (Maya Angelou's Autobiography #1),36.55,Two,In stock,Maya Angelou
book_504,Harry Potter and the Deathly Hallows (Harry Potter #7),23.32,One,In stock,J. K. Rowling
book_505,"Fruits Basket, Vol. 5 (Fruits Basket #5)",16.33,One,In stock,Natsuki Takaya
book_506,Foundation (Foundation (Publication Order) #1),32.42,One,In stock,Bible
book_507,Fool Me Once,16.96,One,In stock,Fern Michaels
book_508,Find Her (Detective D.D. Warren #8),22.37,One,In stock,Lisa Gardner
book_509,Evicted: Poverty and Profit in the American City,42.27,One,In stock,Matthew Desmond
book_510,Drama,38.7,Two,In stock,Oscar Wilde
book_511,Dracula the Un-Dead,35.63,Five,In stock,Dacre Stoker
book_512,Digital Fortress,58.0,Five,In stock,Dan Brown
book_513,"Death Note, Vol. 5: Whiteout (Death Note #5)",52.41,One,In stock,Tsugumi Ohba
book_514,"Data, A Love Story: How I Gamed Online Dating to Meet My Match",32.35,Three,In stock,Amy Webb
book_515,Critique of Pure Reason,20.75,One,In stock,Immanuel Kant
book_516,Booked,17.49,Five,In stock,DK Publishing
book_517,"Blue Lily, Lily Blue (The Raven Cycle #3)",34.13,Five,In stock,Maggie Stiefvater
book_518,Approval Junkie: Adventures in Caring Too Much,58.81,Five,In stock,Faith Salie
book_519,An Abundance of Katherines,10.0,Five,In stock,John Green
book_520,America's War for the Greater Middle East: A Military History,51.22,Two,In stock,Andrew J. Bacevich
book_521,Alight (The Generations Trilogy #2),58.59,Four,In stock,Scott Sigler
book_522,A Girl's Guide to Moving On (New Beginnings #2),31.3,One,In stock,Debbie Macomber
book_523,A Game of Thrones (A Song of Ice and Fire #1),46.42,Two,In stock,George R. R. Martin
book_524,A Feast for Crows (A Song of Ice and Fire #4),17.21,Four,In stock,George R. R. Martin
book_525,A Clash of Kings (A Song of Ice and Fire #2),10.79,Three,In stock,George R. R. Martin
book_526,Vogue Colors A to Z: A Fashion Coloring Book,52.35,Four,In stock,Valerie Steiker
book_527,The Shining (The Shining #1),27.88,Three,In stock,Stephen King
book_528,The Pilgrim's Progress,50.26,Two,In stock,John Bunyan
book_529,The Perfect Play (Play by Play #1),59.99,Three,In stock,Henrik Ibsen
book_530,The Passion of Dolssa,28.32,Five,In stock,Julie Berry
book_531,The Jazz of Physics: The Secret Link Between Music and the Structure of the Universe,38.71,Three,In stock,Stephon Alexander
book_532,The Hunger Games (The Hunger Games #1),29.85,Five,In stock,Suzanne Collins
book_533,The Hound of the Baskervilles (Sherlock Holmes #5),14.82,Two,In stock,Arthur Conan Doyle
book_534,The Gunning of America: Business and the Making of American Gun Culture,16.81,Four,In stock,Pamela Haag
book_535,The Geography of Bliss: One Grump's Search for the Happiest Places in the World,28.23,Two,In stock,Eric Weiner
book_536,The Demonists (Demonist #1),52.11,Two,In stock,Unknown
book_537,"The Demon Prince of Momochi House, Vol. 4 (The Demon Prince of Momochi House #4)",27.88,Two,In stock,Unknown
book_538,The Bone Hunters (Lexy Vaughan & Steven Macaulay #2),59.71,Three,In stock,Unknown
book_539,The Beast (Black Dagger Brotherhood #14),46.08,Five,In stock,J. R. Ward
book_540,Some Women,13.73,Five,In stock,Virginia Woolf
book_541,Shopaholic Ties the Knot (Shopaholic #3),48.39,Five,In stock,Sophie Kinsella
book_542,Paper and Fire (The Great Library #2),49.45,Five,In stock,Rachel Caine
book_543,Outlander (Outlander #1),19.67,Five,In stock,Diana Gabaldon
book_544,"Orchestra of Exiles: The Story of Bronislaw Huberman, the Israel Philharmonic, and the One Thousand Jews He Saved from Nazi Horrors",12.36,Three,In stock,Josh Aronson
book_545,No One Here Gets Out Alive,20.02,Five,In stock,Jerry Hopkins
book_546,Night Shift (Night Shift #1-20),12.75,Four,In stock,Stephen King
book_547,Needful Things,47.51,Four,In stock,Stephen King
book_548,Mockingjay (The Hunger Games #3),20.44,Four,In stock,Suzanne Collins
book_549,Misery,34.79,Two,In stock,Stephen King
book_550,Little Women (Little Women #1),28.07,Four,In stock,Louisa May Alcott
book_551,It,25.01,Three,In stock,Stephen King
book_552,Harry Potter and the Sorcerer's Stone (Harry Potter #1),13.9,Three,In stock,J. K. Rowling
book_553,Harry Potter and the Prisoner of Azkaban (Harry Potter #3),24.17,Four,In stock,J. K. Rowling
book_554,Harry Potter and the Order of the Phoenix (Harry Potter #5),31.63,Four,In stock,J. K. Rowling
book_555,Harry Potter and the Half-Blood Prince (Harry Potter #6),48.75,Five,In stock,J. K. Rowling
book_556,Harry Potter and the Chamber of Secrets (Harry Potter #2),14.74,One,In stock,J. K. Rowling
book_557,Gone with the Wind,32.49,Three,In stock,Margaret Mitchell
book_558,God Is Not Great: How Religion Poisons Everything,27.8,One,In stock,Christopher Hitchens
book_559,Girl With a Pearl Earring,26.77,One,In stock,Tracy Chevalier
book_560,"Fruits Basket, Vol. 4 (Fruits Basket #4)",50.44,Four,In stock,Natsuki Takaya
book_561,Far From True (Promise Falls Trilogy #2),34.93,Two,In stock,Unknown
book_562,Dark Lover (Black Dagger Brotherhood #1),12.87,One,In stock,J. R. Ward
book_563,Confessions of a Shopaholic (Shopaholic #1),48.94,Two,In stock,Sophie Kinsella
book_564,Changing the Game (Play by Play #2),13.38,Three,In stock,Eric Berne
book_565,Candide,58.63,Three,In stock,Voltaire
book_566,Can You Keep a Secret?,21.94,One,In stock,Sophie Kinsella
book_567,Atlas Shrugged,26.58,Five,In stock,Ayn Rand
book_568,Animal Farm,57.22,Three,In stock,George Orwell
book_569,A Walk to Remember,56.43,One,In stock,Nicholas Sparks
book_570,A New Earth: Awakening to Your Life's Purpose,55.65,Five,In stock,Eckhart Tolle
book_571,"A History of God: The 4,000-Year Quest of Judaism, Christianity, and Islam",27.62,One,In stock,Karen Armstrong
book_572,'Salem's Lot,49.56,Four,In stock,Stephen King
book_573,Zero History (Blue Ant #3),34.77,One,In stock,William Gibson
book_574,Wuthering Heights,17.73,Three,In stock,Emily Brontë
book_575,World War Z: An Oral History of the Zombie War,21.8,One,In stock,Max Brooks
book_576,Wild: From Lost to Found on the Pacific Crest Trail,46.02,Three,In stock,Cheryl Strayed
book_577,"Where'd You Go, Bernadette",18.13,One,In stock,Maria Semple
book_578,When You Are Engulfed in Flames,30.89,Five,In stock,David Sedaris
book_579,We the People: The Modern-Day Figures Who Have Reshaped and Affirmed the Founding Fathers' Vision of America,31.95,Three,In stock,Juan Williams
book_580,We Are All Completely Beside Ourselves,24.04,One,In stock,Karen Joy Fowler
book_581,Walk the Edge (Thunder Road #2),32.36,Three,In stock,Katie McGarry
book_582,Voyager (Outlander #3),21.07,Five,In stock,Diana Gabaldon
book_583,Very Good Lives: The Fringe Benefits of Failure and the Importance of Imagination,50.66,Three,In stock,J. K. Rowling
book_584,Vegan Vegetarian Omnivore: Dinner for Everyone at the Table,13.66,Two,In stock,Anna Thomas
book_585,"Unstuffed: Decluttering Your Home, Mind, and Soul",58.09,One,In stock,Ruth Soukup
book_586,Under the Banner of Heaven: A Story of Violent Faith,30.0,One,In stock,Jon Krakauer
book_587,Two Boys Kissing,32.74,Two,In stock,David Levithan
book_588,Twilight (Twilight #1),41.93,Two,In stock,Stephenie Meyer
book_589,Twenties Girl,42.8,Two,In stock,Sophie Kinsella
book_590,"Trespassing Across America: One Man's Epic, Never-Done-Before (and Sort of Illegal) Hike Across the Heartland",53.51,One,In stock,Ken Ilgunas
book_591,Three-Martini Lunch,23.21,Three,In stock,Suzanne Rindell
book_592,"Thinking, Fast and Slow",21.14,One,In stock,Jacqueline Allan
book_593,The Wild Robot,56.07,Three,In stock,Peter Brown
book_594,"The Wicked + The Divine, Vol. 3: Commercial Suicide (The Wicked + The Divine)",14.41,Three,In stock,Kieron Gillen
book_595,The Undomestic Goddess,45.75,Four,In stock,Sophie Kinsella
book_596,The Travelers,15.77,One,In stock,Marco Polo
book_597,The Tipping Point: How Little Things Can Make a Big Difference,10.02,Two,In stock,Malcolm Gladwell
book_598,The Thing About Jellyfish,48.77,One,In stock,Ali Benjamin
book_599,The Stand,57.86,Two,In stock,Stephen King
book_600,The Smitten Kitchen Cookbook,23.59,One,In stock,Deb Perelman
book_601,The Silkworm (Cormoran Strike #2),23.05,Five,In stock,J. K. Rowling
book_602,"The Sandman, Vol. 3: Dream Country (The Sandman (volumes) #3)",55.55,Five,In stock,Unknown
book_603,The Rose & the Dagger (The Wrath and the Dawn #2),58.64,Four,In stock,Umberto Eco
book_604,The Road to Little Dribbling: Adventures of an American in Britain (Notes From a Small Island #2),23.21,One,In stock,Bill Bryson
book_605,The Rise of Theodore Roosevelt (Theodore Roosevelt #1),42.57,Three,In stock,Edmund Morris
book_606,The Restaurant at the End of the Universe (Hitchhiker's Guide to the Galaxy #2),10.92,One,In stock,Douglas Adams
book_607,The Rest Is Noise: Listening to the Twentieth Century,34.77,One,In stock,Alex Ross
book_608,The Red Tent,35.66,Five,In stock,Anita Diamant
book_609,The Purpose Driven Life: What on Earth Am I Here for?,37.19,Three,In stock,Rick Warren
book_610,The Purest Hook (Second Circle Tattoos #3),12.25,One,In stock,Scarlett Cole
book_611,The Picture of Dorian Gray,29.7,Two,In stock,Oscar Wilde
book_612,The Paris Wife,36.8,Three,In stock,Paula McLain
book_613,The Obsession,45.43,One,In stock,Nora Roberts
book_614,The Nightingale,26.26,Four,In stock,Kristin Hannah
book_615,The New Guy (and Other Senior Year Distractions),44.92,Three,In stock,Amy Spalding
book_616,The Nanny Diaries (Nanny #1),52.53,Five,In stock,Emma McLaughlin
book_617,The Name of God is Mercy,37.25,Two,In stock,Francis Pope
book_618,The Maze Runner (The Maze Runner #1),20.93,One,In stock,James Dashner
book_619,The Lover's Dictionary,58.09,Two,In stock,David Levithan
book_620,The Lonely Ones,43.59,Five,In stock,Nevil Shute
book_621,The Lean Startup: How Today's Entrepreneurs Use Continuous Innovation to Create Radically Successful Businesses,33.92,Three,In stock,Eric Ries
book_622,The Last Painting of Sara de Vos,55.55,Two,In stock,Unknown
book_623,"The Land of 10,000 Madonnas",29.64,Four,In stock,Kate Hattemer
book_624,The Infinities,27.41,One,In stock,Joaquim Maria Machado de Assis
book_625,The Husband's Secret,52.51,Five,In stock,Liane Moriarty
book_626,The Hitchhiker's Guide to the Galaxy (Hitchhiker's Guide to the Galaxy #1),47.8,Three,In stock,Douglas Adams
book_627,The Guns of August,14.54,Two,In stock,Barbara Tuchman
book_628,The Guernsey Literary and Potato Peel Pie Society,49.53,One,In stock,Mary Ann Shaffe
book_629,The Goldfinch,43.58,Three,In stock,Donna Tartt
book_630,The Giver (The Giver Quartet #1),12.3,One,In stock,Lois Lowry
book_631,The Girl with All the Gifts,49.47,Three,In stock,M. R. Carey
book_632,The Girl Who Played with Fire (Millennium Trilogy #2),22.14,Two,In stock,Stieg Larsson
book_633,The Girl Who Kicked the Hornet's Nest (Millennium Trilogy #3),57.48,One,In stock,Sylvain Runberg
book_634,The Exiled,43.45,Three,In stock,Albert Camus
book_635,"The End of Faith: Religion, Terror, and the Future of Reason",22.13,Four,In stock,Sam Harris
book_636,"The Elegant Universe: Superstrings, Hidden Dimensions, and the Quest for the Ultimate Theory",13.03,Four,In stock,Brian Greene
book_637,"The Disappearing Spoon: And Other True Tales of Madness, Love, and the History of the World from the Periodic Table of the Elements",57.35,Five,In stock,Unknown
book_638,The Devil Wears Prada (The Devil Wears Prada #1),44.29,One,In stock,Lauren Weisberger
book_639,The Demon-Haunted World: Science as a Candle in the Dark,52.25,Four,In stock,Carl Sagan
book_640,The Day the Crayons Came Home (Crayons),26.33,Five,In stock,Unknown
book_641,The Da Vinci Code (Robert Langdon #2),22.96,Two,In stock,Dan Brown
book_642,The Cuckoo's Calling (Cormoran Strike #1),19.21,One,In stock,J. K. Rowling
book_643,The Complete Stories and Poems (The Works of Edgar Allan Poe [Cameo Edition]),26.78,Four,In stock,Unknown
book_644,The Complete Poems,41.32,Five,In stock,Emily Dickinson
book_645,The Catcher in the Rye,24.55,One,In stock,J. D. Salinger
book_646,The Cat in the Hat (Beginner Books B-1),16.26,Two,In stock,Dr. Seuss
book_647,The Case for Christ (Cases for Christianity),47.84,One,In stock,Bible
book_648,The Book Thief,53.49,Two,In stock,Markus Zusak
book_649,The Book of Basketball: The NBA According to The Sports Guy,44.84,Five,In stock,Bill Simmons
book_650,The Blind Side: Evolution of a Game,53.71,Five,In stock,Michael Lewis
book_651,The Autobiography of Malcolm X,23.43,Two,In stock,Alex Haley
book_652,"The Art of Simple Food: Notes, Lessons, and Recipes from a Delicious Revolution",34.32,Three,In stock,Alice Waters
book_653,The Art of Fielding,22.1,One,In stock,Federico Zeri
book_654,"Surely You're Joking, Mr. Feynman!: Adventures of a Curious Character",25.83,Two,In stock,Richard Phillips Feynman
book_655,Stiff: The Curious Lives of Human Cadavers,36.74,Three,In stock,Mary Roach
book_656,Spilled Milk: Based on a True Story,49.51,One,In stock,K.L. Randis
book_657,Something Borrowed (Darcy & Rachel #1),48.96,Five,In stock,Unknown
book_658,Something Blue (Darcy & Rachel #2),54.62,One,In stock,Unknown
book_659,Soldier (Talon #3),24.72,Two,In stock,Julie Kagawa
book_660,Shopaholic & Baby (Shopaholic #5),46.45,Two,In stock,Sophie Kinsella
book_661,The Nameless City (The Nameless City #1),38.16,Four,In stock,Faith Erin Hicks
book_662,The Murder That Never Was (Forensic Instincts #5),54.11,Three,In stock,Andrea Kane
book_663,The Most Perfect Thing: Inside (and Outside) a Bird's Egg,42.96,Four,In stock,Tim Birkhead
book_664,"The Mindfulness and Acceptance Workbook for Anxiety: A Guide to Breaking Free from Anxiety, Phobias, and Worry Using Acceptance and Commitment Therapy",23.89,Four,In stock,John P. Forsyth
book_665,The Life-Changing Magic of Tidying Up: The Japanese Art of Decluttering and Organizing,16.77,Three,In stock,Marie Kondo
book_666,"The Inefficiency Assassin: Time Management Tactics for Working Smarter, Not Longer",20.59,Five,In stock,Helene Segura
book_667,The Gutsy Girl: Escapades for Your Life of Epic Adventure,37.13,One,In stock,Unknown
book_668,The Electric Pencil: Drawings from Inside State Hospital No. 3,56.06,One,In stock,Edward Deeds
book_669,The Death of Humanity: and the Case for Life,58.11,Four,In stock,Richard Weikart
book_670,"The Bulletproof Diet: Lose up to a Pound a Day, Reclaim Energy and Focus, Upgrade Your Life",49.05,Three,In stock,Dave Asprey
book_671,The Art Forger,40.76,Three,In stock,Eric Hebborn
book_672,The Age of Genius: The Seventeenth Century and the Birth of the Modern Mind,19.73,One,In stock,A. C. Grayling
book_673,The Activist's Tao Te Ching: Ancient Advice for a Modern Revolution,32.24,Five,In stock,William Martin
book_674,Spark Joy: An Illustrated Master Class on the Art of Organizing and Tidying Up,41.83,Four,In stock,Marie Kondo
book_675,Soul Reader,39.58,Two,In stock,Nathaniel Hawthorne
book_676,Security,39.25,Two,In stock,Great Britain.
book_677,"Saga, Volume 6 (Saga (Collected Editions) #6)",25.02,Three,In stock,John Galsworthy
book_678,"Saga, Volume 5 (Saga (Collected Editions) #5)",51.04,Two,In stock,John Galsworthy
book_679,Reskilling America: Learning to Labor in the Twenty-First Century,19.83,Two,In stock,Katherine S. Newman
book_680,"Rat Queens, Vol. 3: Demons (Rat Queens (Collected Editions) #11-15)",50.4,Three,In stock,Unknown
book_681,Seven Days in the Art World,52.33,Two,In stock,Sarah Thornton
book_682,Seven Brief Lessons on Physics,30.6,Four,In stock,Carlo Rovelli
book_683,Scarlet (The Lunar Chronicles #2),14.57,Four,In stock,Marissa Meyer
book_684,Sarah's Key,46.29,One,In stock,Tatiana de Rosnay
book_685,"Saga, Volume 3 (Saga (Collected Editions) #3)",21.57,Five,In stock,Jane Austen
book_686,Running with Scissors,12.91,Four,In stock,Augusten Burroughs
book_687,Rogue Lawyer (Rogue Lawyer #1),50.11,Three,In stock,John Grisham
book_688,"Rise of the Rocket Girls: The Women Who Propelled Us, from Missiles to the Moon to Mars",41.67,Four,In stock,Nathalia Holt
book_689,Rework,44.88,Two,In stock,Jason Fried
book_690,Reservations for Two,11.1,Three,In stock,Jennifer Lohmann
book_691,Red: The True Story of Red Riding Hood,28.54,Three,In stock,Liesl Shurtliff
book_692,Ready Player One,19.07,Four,In stock,Ernest Cline
book_693,Quiet: The Power of Introverts in a World That Can't Stop Talking,43.55,One,In stock,Susan Cain
book_694,Prodigy: The Graphic Novel (Legend: The Graphic Novel #2),43.63,Three,In stock,Marie Lu
book_695,Persepolis: The Story of a Childhood (Persepolis #1-2),39.13,One,In stock,Marjane Satrapi
book_696,Packing for Mars: The Curious Science of Life in the Void,56.68,Two,In stock,Mary Roach
book_697,Outliers: The Story of Success,14.16,One,In stock,Malcolm Gladwell
book_698,Original Fake,31.45,Three,In stock,Kirstin Cronn-Mills
book_699,Orange Is the New Black,24.61,Two,In stock,Piper Kerman
book_700,One for the Money (Stephanie Plum #1),32.87,Two,In stock,Janet Evanovich
book_701,Notes from a Small Island (Notes From a Small Island #1),40.17,One,In stock,Bill Bryson
book_702,Night (The Night Trilogy #1),13.51,One,In stock,Dante Alighieri
book_703,Neither Here nor There: Travels in Europe,38.95,Three,In stock,Bill Bryson
book_704,Naked,31.69,Three,In stock,William S. Burroughs
book_705,Morning Star (Red Rising #3),29.4,One,In stock,Unknown
book_706,"Miracles from Heaven: A Little Girl, Her Journey to Heaven, and Her Amazing Story of Healing",57.83,One,In stock,Christy Wilson Beam
book_707,Midnight Riot (Peter Grant/ Rivers of London - books #1),55.46,Two,In stock,Unknown
book_708,Me Talk Pretty One Day,57.6,Two,In stock,David Sedaris
book_709,Manuscript Found in Accra,34.98,Two,In stock,Paulo Coelho
book_710,Lust & Wonder,11.87,Two,In stock,E. L. James
book_711,Lila (Gilead #3),12.47,Three,In stock,Unknown
book_712,"Life, the Universe and Everything (Hitchhiker's Guide to the Galaxy #3)",33.26,Two,In stock,Douglas Adams
book_713,Life Without a Recipe,59.04,Five,In stock,Diana Abu-Jaber
book_714,Life After Life,26.13,Two,In stock,Kate Atkinson
book_715,Letter to a Christian Nation,22.2,One,In stock,Sam Harris
book_716,Let's Pretend This Never Happened: A Mostly True Memoir,45.11,One,In stock,Jenny Lawson
book_717,Legend (Legend #1),43.69,Four,In stock,Washington Irving
book_718,"Lean In: Women, Work, and the Will to Lead",25.02,One,In stock,Readtrepreneur Publishing
book_719,"Lamb: The Gospel According to Biff, Christ's Childhood Pal",55.5,Five,In stock,Christopher Moore
book_720,Lady Renegades (Rebel Belle #3),53.04,Five,In stock,Rachel Hawkins
book_721,Jurassic Park (Jurassic Park #1),44.97,One,In stock,Michael Crichton
book_722,It's Never Too Late to Begin Again: Discovering Creativity and Meaning at Midlife and Beyond,42.38,One,In stock,Julia Cameron
book_723,Is Everyone Hanging Out Without Me? (And Other Concerns),20.11,Three,In stock,Mindy Kaling
book_724,Into the Wild,56.7,Five,In stock,Jon Krakauer
book_725,Inferno (Robert Langdon #4),41.0,Five,In stock,Dan Brown
book_726,"In the Garden of Beasts: Love, Terror, and an American Family in Hitler's Berlin",28.85,Three,In stock,Erik Larson
book_727,If I Run (If I Run #1),49.97,Four,In stock,Terri Blackstock
book_728,I've Got Your Number,19.69,One,In stock,Sophie Kinsella
book_729,I Am Malala: The Girl Who Stood Up for Education and Was Shot by the Taliban,28.88,Two,In stock,Malala Yousafzai
book_730,Hungry Girl Clean & Hungry: Easy All-Natural Recipes for Healthy Eating in the Real World,33.14,Three,In stock,Lisa Lillien
book_731,"House of Lost Worlds: Dinosaurs, Dynasties, and the Story of Life on Earth",43.7,Two,In stock,Richard Conniff
book_732,House of Leaves,54.89,One,In stock,Mark Z. Danielewski
book_733,Horrible Bear!,37.52,Two,In stock,"Dyckman, Ame"
book_734,Holidays on Ice,51.07,Two,In stock,David Sedaris
book_735,Heir to the Sky,44.07,Four,In stock,Amanda Sun
book_736,Green Eggs and Ham (Beginner Books B-16),10.79,Four,In stock,Unknown
book_737,"Grayson, Vol 3: Nemesis (Grayson #3)",42.72,One,In stock,Unknown
book_738,Gratitude,26.66,Five,In stock,Motwani Dev Motwani Dev Publishing
book_739,Gone Girl,37.6,Five,In stock,Gillian Flynn
book_740,Golden (Heart of Dread #3),42.21,Four,In stock,Melissa De La Cruz Johnston
book_741,Girl in the Blue Coat,46.83,Two,In stock,Monica Hesse
book_742,"Fruits Basket, Vol. 3 (Fruits Basket #3)",45.17,Two,In stock,Natsuki Takaya
book_743,"Friday Night Lights: A Town, a Team, and a Dream",51.22,Three,In stock,Buzz Bissinger
book_744,Fire Bound (Sea Haven/Sisters of the Heart #5),21.28,Four,In stock,Unknown
book_745,Fifty Shades Freed (Fifty Shades #3),15.36,Five,In stock,Speedyreads
book_746,Fellside,38.62,One,In stock,M. R. Carey
book_747,Extreme Prey (Lucas Davenport #26),25.4,Three,In stock,John Sandford
book_748,Eragon (The Inheritance Cycle #1),43.87,Three,In stock,Christopher Paolini
book_749,Eclipse (Twilight #3),18.74,One,In stock,Stephenie Meyer
book_750,Dune (Dune #1),54.86,One,In stock,Frank Herbert
book_751,Dracula,52.62,Three,In stock,Bram Stoker
book_752,Do Androids Dream of Electric Sheep? (Blade Runner #1),51.48,One,In stock,Philip K. Dick
book_753,Disrupted: My Misadventure in the Start-Up Bubble,15.28,Five,In stock,Daniel Lyons
book_754,Dead Wake: The Last Crossing of the Lusitania,39.24,Five,In stock,Erik Larson
book_755,"David and Goliath: Underdogs, Misfits, and the Art of Battling Giants",17.81,One,In stock,Malcolm Gladwell
book_756,Darkfever (Fever #1),56.02,One,In stock,Karen Marie Moning
book_757,Dark Places,23.9,Five,In stock,Gillian Flynn
book_758,Crazy Rich Asians (Crazy Rich Asians #1),49.13,Five,In stock,Kevin Kwan
book_759,Counting Thyme,10.62,One,In stock,Melanie Conklin
book_760,Cosmos,36.17,Two,In stock,Alexander von Humboldt
book_761,Civilization and Its Discontents,59.95,Two,In stock,Sigmund Freud
book_762,Cinder (The Lunar Chronicles #1),26.09,One,In stock,Marissa Meyer
book_763,Catastrophic Happiness: Finding Joy in Childhood's Messy Years,37.35,Two,In stock,Catherine Newman
book_764,Career of Evil (Cormoran Strike #3),24.72,Two,In stock,J. K. Rowling
book_765,Breaking Dawn (Twilight #4),35.28,Five,In stock,Stephenie Meyer
book_766,Brave Enough,51.32,Five,In stock,Kati Gardner
book_767,Boy Meets Boy,21.12,Three,In stock,David Levithan
book_768,"Born to Run: A Hidden Tribe, Superathletes, and the Greatest Race the World Has Never Seen",27.35,Two,In stock,Christopher McDougall
book_769,Blink: The Power of Thinking Without Thinking,21.74,Five,In stock,Malcolm Gladwell
book_770,Black Flags: The Rise of ISIS,40.87,One,In stock,Joby Warrick
book_771,"Black Butler, Vol. 1 (Black Butler #1)",49.31,One,In stock,Yana Toboso
book_772,Big Little Lies,22.11,One,In stock,Liane Moriarty
book_773,Between Shades of Gray,20.79,Five,In stock,Ruta Sepetys
book_774,Best of My Love (Fool's Gold #20),27.41,Two,In stock,Susan Mallery
book_775,Beowulf,38.35,Two,In stock,Seamus Heaney
book_776,Beautiful Creatures (Caster Chronicles #1),21.55,Five,In stock,Kami Garcia
book_777,Awkward,38.02,Two,In stock,Svetlana Chmakova
book_778,Ash,22.06,Four,In stock,Lindley Murray
book_779,Are We There Yet?,10.66,Three,In stock,David Levithan
book_780,Are We Smart Enough to Know How Smart Animals Are?,56.58,One,In stock,Frans De Waal
book_781,Annie on My Mind,36.83,Five,In stock,Nancy Garden
book_782,And Then There Were None,35.01,Two,In stock,Agatha Christie
book_783,A Walk in the Woods: Rediscovering America on the Appalachian Trail,30.48,Four,In stock,Bill Bryson
book_784,A Visit from the Goon Squad,14.08,Five,In stock,Jennifer Egan
book_785,A Storm of Swords (A Song of Ice and Fire #3),31.22,Two,In stock,George R. R. Martin
book_786,A Heartbreaking Work of Staggering Genius,54.29,Five,In stock,Dave Eggers
book_787,8 Keys to Mental Health Through Exercise,31.04,One,In stock,Christina Hibbert
book_788,#GIRLBOSS,50.96,One,In stock,Unknown
book_789,"The Suffragettes (Little Black Classics, #96)",11.89,Two,In stock,Unknown
book_790,The Sense of an Ending,31.38,Three,In stock,Julian Barnes
book_791,"The Sandman, Vol. 2: The Doll's House (The Sandman (volumes) #2)",54.81,One,In stock,Unknown
book_792,The Course of Love,16.78,Three,In stock,Alain De Botton
book_793,Sugar Rush (Offensive Line #2),24.42,One,In stock,Unknown
book_794,"Saga, Volume 2 (Saga (Collected Editions) #2)",11.75,Three,In stock,John Galsworthy
book_795,"Run, Spot, Run: The Ethics of Keeping Pets",20.02,One,In stock,Jessica Pierce
book_796,New Moon (Twilight #2),12.86,Four,In stock,Stephenie Meyer
book_797,Life,31.58,Five,In stock,Mark Twain
book_798,Kindle Paperwhite User's Guide,34.0,Three,In stock,Jose Emiel
book_799,H is for Hawk,57.42,Five,In stock,Helen Macdonald
book_800,Girl Online On Tour (Girl Online #2),53.47,One,In stock,Zoe Sugg
book_801,"Fruits Basket, Vol. 2 (Fruits Basket #2)",11.64,Five,In stock,Natsuki Takaya
book_802,Diary of a Minecraft Zombie Book 1: A Scare of a Dare (An Unofficial Minecraft Book),52.88,Four,In stock,Zack Zombie
book_803,"Y: The Last Man, Vol. 1: Unmanned (Y: The Last Man #1)",18.51,Four,In stock,Brian K. Vaughan
book_804,While You Were Mine,41.32,Five,In stock,Ann Howard Creel
book_805,Where Lightning Strikes (Bleeding Stars #3),39.77,Three,In stock,Unknown
book_806,When I'm Gone,51.96,Three,In stock,anouar el attari
book_807,Ways of Seeing,39.51,Five,In stock,John Berger
book_808,"Vampire Knight, Vol. 1 (Vampire Knight #1)",15.4,One,In stock,樋野 まつり
book_809,Vampire Girl (Vampire Girl #1),53.82,Two,In stock,Supersummary
book_810,Twenty Love Poems and a Song of Despair,30.95,Four,In stock,J. Simon Harris
book_811,Travels with Charley: In Search of America,57.82,Five,In stock,John Steinbeck
book_812,Three Wishes (River of Time: California #1),44.18,Two,In stock,SuperSummary
book_813,This One Moment (Pushing Limits #1),48.71,One,In stock,Unknown
book_814,The Zombie Room,19.69,Five,In stock,R. D. Ronald
book_815,"The Wicked + The Divine, Vol. 1: The Faust Act (The Wicked + The Divine)",36.52,Two,In stock,Kieron Gillen
book_816,The Tumor,41.56,Five,In stock,Stephen King
book_817,The Story of Hong Gildong,43.19,Four,In stock,Kyun Hŏ
book_818,The Silent Wife,12.34,Five,In stock,A. S. A. Harrison
book_819,The Silent Twin (Detective Jennifer Knight #3),36.25,Three,In stock,Unknown
book_820,The Selfish Gene,29.45,One,In stock,Richard Dawkins
book_821,The Secret Healer,34.56,Three,In stock,Ellin Carsta
book_822,"The Sandman, Vol. 1: Preludes and Nocturnes (The Sandman (volumes) #1)",54.12,Three,In stock,Neil Gaiman
book_823,The Republic,33.78,Three,In stock,Πλάτων
book_824,The Odyssey,29.64,Three,In stock,Όμηρος
book_825,The No. 1 Ladies' Detective Agency (No. 1 Ladies' Detective Agency #1),57.7,Four,In stock,Alexander McCall Smith
book_826,The Nicomachean Ethics,36.34,One,In stock,Aristotle
book_827,The Name of the Wind (The Kingkiller Chronicle #1),50.59,Three,In stock,Patrick Rothfuss
book_828,The Mirror & the Maze (The Wrath and the Dawn #1.5),29.38,One,In stock,Agatha Christie
book_829,The Little Prince,45.42,Two,In stock,Antoine de Saint-Exupéry
book_830,The Light of the Fireflies,54.43,One,In stock,Paul Pen
book_831,The Last Girl (The Dominion Trilogy #1),36.26,Two,In stock,Unknown
book_832,The Iliad,16.16,One,In stock,Όμηρος
book_833,The Hook Up (Game On #1),36.29,Five,In stock,Dr Colleen Carroll
book_834,The Haters,27.89,Five,In stock,William Winters
book_835,The Girl You Lost,12.29,Five,In stock,"Croft, Kathryn (Novelist)"
book_836,The Girl In The Ice (DCI Erika Foster #1),15.85,Three,In stock,Unknown
book_837,The End of the Jesus Era (An Investigation #1),14.4,One,In stock,Danail Hristov
book_838,The Edge of Reason (Bridget Jones #2),19.18,Four,In stock,Helen Fielding
book_839,The Complete Maus (Maus #1-2),10.64,Three,In stock,Art Spiegelman
book_840,The Communist Manifesto,14.76,Three,In stock,Karl Marx
book_841,The Bhagavad Gita,57.49,Three,In stock,Juan Mascaró
book_842,The Bette Davis Club,30.66,Three,In stock,Jane Lotter
book_843,The Art of Not Breathing,40.83,Four,In stock,Sarah Alexander
book_844,Taking Shots (Assassins #1),18.88,Two,In stock,Toni Aleo
book_845,Starlark,25.83,Three,In stock,Cael Percy
book_846,"Skip Beat!, Vol. 01 (Skip Beat! #1)",42.12,Three,In stock,Unknown
book_847,Sister Sable (The Mad Queen #1),13.33,Three,In stock,Unknown
book_848,Shatter Me (Shatter Me #1),42.4,One,In stock,Unknown
book_849,Shameless,58.35,Three,In stock,Ntozake Shange
book_850,Shadow Rites (Jane Yellowrock #10),21.72,Four,In stock,Faith Hunter
book_851,Settling the Score (The Summer Games #1),44.91,Two,In stock,R.S. Grey
book_852,Sense and Sensibility,37.46,One,In stock,Jane Austen
book_853,"Saga, Volume 1 (Saga (Collected Editions) #1)",28.48,One,In stock,John Galsworthy
book_854,"Rhythm, Chord & Malykhin",28.34,Two,In stock,Mariana Zapata
book_855,"Rat Queens, Vol. 1: Sass & Sorcery (Rat Queens (Collected Editions) #1-5)",46.96,Five,In stock,Kurtis J. Wiebe
book_856,Paradise Lost (Paradise #1),24.96,One,In stock,John Milton
book_857,"Paper Girls, Vol. 1 (Paper Girls #1-5)",21.71,Four,In stock,Brian K. Vaughan
book_858,"Ouran High School Host Club, Vol. 1 (Ouran High School Host Club #1)",29.87,Three,In stock,Bisco Hatori
book_859,Origins (Alphas 0.5),28.99,One,In stock,Edith Nesbit
book_860,One Second (Seven #7),52.94,Two,In stock,Hans Christian Andersen
book_861,On the Road (Duluoz Legend),32.36,Three,In stock,Unknown
book_862,Old Records Never Die: One Man's Quest for His Vinyl and His Past,55.66,Two,In stock,Eric Spitznagel
book_863,Off Sides (Off #1),39.45,Five,In stock,Kevin Clarke
book_864,Of Mice and Men,47.11,Two,In stock,John Steinbeck
book_865,Myriad (Prentor #1),58.75,Four,In stock,Mona Hanna
book_866,My Perfect Mistake (Over the Top #1),38.92,Two,In stock,Unknown
book_867,"Ms. Marvel, Vol. 1: No Normal (Ms. Marvel (2014-2015) #1)",39.39,Four,In stock,Unknown
book_868,Meditations,25.89,Two,In stock,Marcus Aurelius
book_869,Matilda,28.34,One,In stock,Roald Dahl
book_870,Lost Among the Living,27.7,Four,In stock,Simone St. James
book_871,Lord of the Flies,24.89,Three,In stock,William Golding
book_872,Listen to Me (Fusion #1),58.99,Three,In stock,Kristen Proby
book_873,Kitchens of the Great Midwest,57.2,Five,In stock,J. Ryan Stradal
book_874,Jane Eyre,38.43,Five,In stock,Charlotte Brontë
book_875,Imperfect Harmony,34.74,Four,In stock,Kate Ivory
book_876,Icing (Aces Hockey #2),40.44,Four,In stock,Unknown
book_877,"Hawkeye, Vol. 1: My Life as a Weapon (Hawkeye #1)",45.24,Three,In stock,Matt Fraction
book_878,Having the Barbarian's Baby (Ice Planet Barbarians #7.5),34.96,Four,In stock,Unknown
book_879,"Giant Days, Vol. 1 (Giant Days #1-4)",56.76,Four,In stock,John Allison
book_880,"Fruits Basket, Vol. 1 (Fruits Basket #1)",40.28,Five,In stock,Natsuki Takaya
book_881,"Princess Jellyfish 2-in-1 Omnibus, Vol. 01 (Princess Jellyfish 2-in-1 Omnibus #1)",13.61,Five,In stock,Unknown
book_882,Princess Between Worlds (Wide-Awake Princess #5),13.34,Five,In stock,E. D. Baker
book_883,"Pop Gun War, Volume 1: Gift",18.97,One,In stock,Unknown
book_884,"Political Suicide: Missteps, Peccadilloes, Bad Calls, Backroom Hijinx, Sordid Pasts, Rotten Breaks, and Just Plain Dumb Mistakes in the Annals of American Politics",36.28,Two,In stock,Erin McHugh
book_885,Patience,10.16,Three,In stock,Wilkie Collins
book_886,"Outcast, Vol. 1: A Darkness Surrounds Him (Outcast #1)",15.44,Four,In stock,Robert Kirkman
book_887,orange: The Complete Collection 1 (orange: The Complete Collection #1),48.41,One,In stock,Andrew Lang
book_888,Online Marketing for Busy Authors: A Step-By-Step Guide,46.35,One,In stock,Unknown
book_889,On a Midnight Clear,14.07,Three,In stock,Bruce Hammack
book_890,Obsidian (Lux #1),14.86,Two,In stock,Jennifer L. Armentrout
book_891,My Paris Kitchen: Recipes and Stories,33.37,Two,In stock,Unknown
book_892,Masks and Shadows,56.4,Two,In stock,Winifred H. Mills
book_893,"Mama Tried: Traditional Italian Cooking for the Screwed, Crude, Vegan, and Tattooed",14.02,Four,In stock,Unknown
book_894,"Lumberjanes, Vol. 2: Friendship to the Max (Lumberjanes #5-8)",46.91,Two,In stock,Unknown
book_895,"Lumberjanes, Vol. 1: Beware the Kitten Holy (Lumberjanes #1-4)",45.61,Three,In stock,N.D. Stevenson
book_896,Lumberjanes Vol. 3: A Terrible Plan (Lumberjanes #9-12),19.92,Two,In stock,N.D. Stevenson
book_897,"Layered: Baking, Building, and Styling Spectacular Cakes",40.11,One,In stock,Tessa Huff
book_898,Judo: Seven Steps to Black Belt (an Introductory Guide for Beginners),53.9,Two,In stock,Rodolfo Tello
book_899,Join,35.67,Five,In stock,Bible
book_900,In the Country We Love: My Family Divided,22.0,Four,In stock,Diane Guerrero
book_901,Frankenstein,38.0,Two,In stock,Mary Shelley
book_902,Forever Rockers (The Rocker #12),28.8,Three,In stock,Lisa Hollett
book_903,Fighting Fate (Fighting #6),39.24,Three,In stock,Nicole Thor
book_904,Emma,32.93,Two,In stock,Jane Austen
book_905,"Eat, Pray, Love",51.32,Three,In stock,Elizabeth Gilbert
book_906,Deep Under (Walker Security #1),47.09,Five,In stock,Unknown
book_907,Choosing Our Religion: The Spiritual Lives of America's Nones,28.42,Four,In stock,Elizabeth Drescher
book_908,Charlie and the Chocolate Factory (Charlie Bucket #1),22.85,Three,In stock,Roald Dahl
book_909,Charity's Cross (Charles Towne Belles #4),41.24,One,In stock,Unknown
book_910,Bright Lines,39.07,Five,In stock,SuperSummary
book_911,Bridget Jones's Diary (Bridget Jones #1),29.82,One,In stock,Helen Fielding
book_912,Bounty (Colorado Mountain #7),37.26,Four,In stock,Frederick E. Shearer
book_913,Blood Defense (Samantha Brinkman #1),20.3,Three,In stock,Unknown
book_914,"Bleach, Vol. 1: Strawberry and the Soul Reapers (Bleach #1)",34.65,Five,In stock,Tite Kubo
book_915,Beyond Good and Evil,43.38,One,In stock,Friedrich Nietzsche
book_916,Alice in Wonderland (Alice's Adventures in Wonderland #1),55.53,One,In stock,Lewis Carrol
book_917,"Ajin: Demi-Human, Volume 1 (Ajin: Demi-Human #1)",57.06,Four,In stock,Unknown
book_918,A Spy's Devotion (The Regency Spies of London #1),16.97,Five,In stock,Unknown
book_919,1st to Die (Women's Murder Club #1),53.98,One,In stock,James Patterson
book_920,"1,000 Places to See Before You Die",26.08,Five,In stock,Patricia Schultz
book_921,Immunity: How Elie Metchnikoff Changed the Course of Modern Medicine,57.36,Five,In stock,Luba Vikhanski
book_922,"I Hate Fairyland, Vol. 1: Madly Ever After (I Hate Fairyland (Compilations) #1-5)",29.17,Two,In stock,Unknown
book_923,I am a Hero Omnibus Volume 1,54.63,Three,In stock,Όμηρος
book_924,How to Be Miserable: 40 Strategies You Already Use,46.03,One,In stock,Randy J. Paterson
book_925,Her Backup Boyfriend (The Sorensen Family #1),33.97,One,In stock,Unknown
book_926,"Giant Days, Vol. 2 (Giant Days #5-8)",22.11,Two,In stock,Лев Толстой
book_927,Forever and Forever: The Courtship of Henry Longfellow and Fanny Appleton,29.69,Three,In stock,Josi S. Kilpack
book_928,First and First (Five Boroughs #3),15.97,Four,In stock,Unknown
book_929,Fifty Shades Darker (Fifty Shades #2),21.96,One,In stock,E. L. James
book_930,Everydata: The Misinformation Hidden in the Little Data You Consume Every Day,54.35,Two,In stock,John H. Johnson
book_931,"Don't Be a Jerk: And Other Practical Advice from Dogen, Japan's Greatest Zen Master",37.97,Two,In stock,Brad Warner
book_932,Danganronpa Volume 1,51.99,Four,In stock,Spike Chunsoft
book_933,Crown of Midnight (Throne of Glass #2),43.29,Three,In stock,Sarah J. Maas
book_934,"Codename Baboushka, Volume 1: The Conclave of Death",36.72,Four,In stock,Unknown
book_935,Camp Midnight,17.08,Four,In stock,Steven T. Seagle
book_936,Call the Nurse: True Stories of a Country Nurse on a Scottish Isle,29.14,Five,In stock,Mary J. MacLeod
book_937,Burning,28.81,Three,In stock,Ray Bradbury
book_938,Bossypants,49.46,Two,In stock,Tina Fey
book_939,"Bitch Planet, Vol. 1: Extraordinary Machine (Bitch Planet (Collected Editions))",37.92,Two,In stock,Unknown
book_940,"Avatar: The Last Airbender: Smoke and Shadow, Part 3 (Smoke and Shadow #3)",28.09,Two,In stock,Gene Luen Yang
book_941,Algorithms to Live By: The Computer Science of Human Decisions,30.81,One,In stock,Unknown
book_942,A World of Flavor: Your Gluten Free Passport,42.95,One,In stock,Unknown
book_943,"A Piece of Sky, a Grain of Rice: A Memoir in Four Meditations",56.76,Five,In stock,Christine Hale
book_944,A Murder in Time,16.64,One,In stock,Agatha Christie
book_945,A Flight of Arrows (The Pathfinders #2),55.53,Five,In stock,Unknown
book_946,A Fierce and Subtle Poison,28.13,Four,In stock,Samantha Mabry
book_947,A Court of Thorns and Roses (A Court of Thorns and Roses #1),52.37,One,In stock,Sarah J. Maas
book_948,(Un)Qualified: How God Uses Broken People to Do Big Things,54.0,Five,In stock,Steven Furtick
book_949,You Are What You Love: The Spiritual Power of Habit,21.87,Four,In stock,James K. A. Smith
book_950,"William Shakespeare's Star Wars: Verily, A New Hope (William Shakespeare's Star Wars #4)",43.3,Four,In stock,Ian Doescher
book_951,Tuesday Nights in 1980,21.04,Two,In stock,Molly Prentiss
book_952,Tracing Numbers on a Train,41.6,Three,In stock,James McDonald
book_953,Throne of Glass (Throne of Glass #1),35.07,Three,In stock,Sarah J. Maas
book_954,Thomas Jefferson and the Tripoli Pirates: The Forgotten War That Changed American History,59.64,One,In stock,Brian Kilmeade
book_955,Thirteen Reasons Why,52.72,One,In stock,Jay Asher
book_956,The White Cat and the Monk: A Retelling of the Poem âPangur BÃ¡nâ,58.08,Four,In stock,Unknown
book_957,The Wedding Dress,24.12,One,In stock,Virginia Ellis
book_958,The Vacationers,42.15,Four,In stock,Emma Straub
book_959,The Third Wave: An Entrepreneurâs Vision of the Future,12.61,Five,In stock,Unknown
book_960,The Stranger,17.44,Four,In stock,Albert Camus
book_961,The Shadow Hero (The Shadow Hero),33.14,One,In stock,Gene Yang
book_962,The Secret (The Secret #1),27.37,Four,In stock,Frances Hodgson Burnett
book_963,The Regional Office Is Under Attack!,51.36,Five,In stock,Manuel Gonzales
book_964,The Psychopath Test: A Journey Through the Madness Industry,36.0,Two,In stock,Jon Ronson
book_965,The Project,10.65,One,In stock,Thomas E. Pinelli
book_966,The Power of Now: A Guide to Spiritual Enlightenment,43.54,Two,In stock,Eckhart Tolle
book_967,The Omnivore's Dilemma: A Natural History of Four Meals,38.21,Two,In stock,Michael Pollan
book_968,The Nerdy Nummies Cookbook: Sweet Treats for the Geek in All of Us,37.34,Five,In stock,Rosanna Pansino
book_969,The Murder of Roger Ackroyd (Hercule Poirot #4),44.1,Four,In stock,Agatha Christie
book_970,The Mistake (Off-Campus #2),43.29,Three,In stock,Elle Kennedy
book_971,The Matchmaker's Playbook (Wingmen Inc. #1),55.85,One,In stock,Unknown
book_972,The Love and Lemons Cookbook: An Apple-to-Zucchini Celebration of Impromptu Cooking,37.6,Two,In stock,Jeanine Donofrio
book_973,The Long Shadow of Small Ghosts: Murder and Memory in an American City,10.97,One,In stock,Laura Tillman
book_974,The Kite Runner,41.82,Four,In stock,Khaled Hosseini
book_975,The House by the Lake,36.95,One,In stock,Laura Ingalls Wilder
book_976,The Glittering Court (The Glittering Court #1),44.28,One,In stock,Richelle Mead
book_977,The Girl on the Train,55.02,Two,In stock,Paula Hawkins
book_978,The Genius of Birds,17.24,One,In stock,SuperSummary
book_979,The Emerald Mystery,23.15,Two,In stock,Elisabetta Dami
book_980,The Cookies & Cups Cookbook: 125+ sweet & savory recipes reminding you to Always Eat Dessert First,41.25,One,In stock,Clement Clarke Moore
book_981,The Bridge to Consciousness: I'm Writing the Bridge Between Science and Our Old and New Beliefs.,32.0,Three,In stock,Unknown
book_982,The Artist's Way: A Spiritual Path to Higher Creativity,38.49,Five,In stock,Julia Cameron
book_983,The Art of War,33.34,Five,In stock,Sun Tzu
book_984,The Argonauts,10.93,Two,In stock,Maggie Nelson
book_985,The 10% Entrepreneur: Live Your Startup Dream Without Quitting Your Day Job,27.55,Three,In stock,Patrick J. McGinnis
book_986,Suddenly in Love (Lake Haven #1),55.99,Two,In stock,Julia London
book_987,Something More Than This,16.24,Four,In stock,Barbie Bohrman
book_988,Soft Apocalypse,26.12,Two,In stock,Will McIntosh
book_989,So You've Been Publicly Shamed,12.23,Two,In stock,Jon Ronson
book_990,Shoe Dog: A Memoir by the Creator of NIKE,23.99,Two,In stock,Phil Knight
book_991,"Shobu Samurai, Project Aryoku (#3)",29.06,Three,In stock,Unknown
book_992,Secrets and Lace (Fatal Hearts #1),20.27,One,In stock,Unknown
book_993,Scarlett Epstein Hates It Here,43.55,Five,In stock,Anna Breslaw
book_994,Romero and Juliet: A Tragic Tale of Love and Zombies,36.94,One,In stock,Warren Fielding
book_995,Redeeming Love,20.47,Five,In stock,Francine Rivers
book_996,Poses for Artists Volume 1 - Dynamic and Sitting Poses: An Essential Reference for Figure Drawing and the Human Form,41.06,One,In stock,Justin Martin
book_997,Poems That Make Grown Women Cry,14.19,Four,In stock,Anthony Holden
book_998,"Nightingale, Sing",38.28,One,In stock,Francoise De Guibert
book_999,Night Sky with Exit Wounds,41.05,One,In stock,Ocean Vuong
book_1000,Mrs. Houdini,30.25,Five,In stock,Victoria Kelly
