ID,Title,Author,ISBN
openlib_1,Learning Python,Mark Lutz,
openlib_2,Python Cookbook,Alex Martelli,
openlib_3,Python,Mark Lutz,
openlib_4,Fluent Python,Luciano Ramalho,
openlib_5,Black Hat Python: Python Programming for Hackers and Pentesters,Justin Seitz,
openlib_6,Python For Data Analysis,Wes McKinney,
openlib_7,Think Python,Allen B. Downey,
openlib_8,Programming Python,Mark Lutz,
openlib_9,"Python Crash Course, 2nd Edition",Eric Matthes,
openlib_10,Automate the Boring Stuff with Python,Al Sweigart,
openlib_11,Python crash course,Eric Matthes,
openlib_12,Core Python programming,Wesley Chun,
openlib_13,Python,Joshua Welsh,
openlib_14,My Favorite Animal,Victoria Marcos,
openlib_15,Introduction to Machine Learning with Python,Andreas C. Mueller,
openlib_16,Python Data Science Handbook,Jake VanderPlas,
openlib_17,Beginning Python,James R. Payne,
openlib_18,Data science from scratch,Joel Grus,
openlib_19,Python! python!,Steve Chimombo,
openlib_20,Data Science,Tiffany-Anne Timbers,
openlib_21,Head First Python,Paul Barry,
openlib_22,Python,Martin C. Brown,
openlib_23,Python Distilled,David Beazley,
openlib_24,Python Playground,Mahesh Venkitachalam,
openlib_25,Python,Byron Francis,
openlib_26,"Python Crash Course, 3rd Edition",Eric Matthes,
openlib_27,Python for Everybody,Dr. Charles Russell Severance,
openlib_28,Python,Martin Evans,
openlib_29,Core Python Programming,R. Nageswara Rao,
openlib_30,Python for dummies,Stef Maruch,
openlib_31,Garden Planting Weekly,Yoshiko TOLBERT,
openlib_32,Python Basics,David Amos,
openlib_33,The Python Project,Victor Canning,
openlib_34,PYTHON Exercises,Ray Yao,
openlib_35,Python Basics,Unknown,
openlib_36,Python Programming Crash Course,Alex Jaxson,
openlib_37,Starting out with Python,Tony Gaddis,
openlib_38,Python for Geeks,Muhammad Asif,
openlib_39,Python,Andy Vickler,
openlib_40,Intro to Python,Programming For Scientists,
openlib_41,Effective Python,Brett Slatkin,
openlib_42,Python programming,John M. Zelle,
openlib_43,Python essential reference,David M. Beazley,
openlib_44,Monty Python & the Holy Grail,Monty Python,
openlib_45,Python for Beginners : 2 Books in 1,Programming Languages ACADEMY,
openlib_46,Python in a Nutshell,Alex Martelli,
openlib_47,Automate the Boring Stuff with Python,Albert Sweigart,
openlib_48,Python 201,Michael Driscoll,
openlib_49,Python Programming,Adam Stewart,
openlib_50,Data Structures and Algorithms in Python,Michael T. Goodrich,
openlib_51,Deep Learning with Python,Francois Chollet,
openlib_52,Django for Beginners,William S. Vincent,
openlib_53,Python Programming,Sarah Stewart,
openlib_54,Python Programming,Reema Thareja,
openlib_55,Programming for Beginners : This Book Includes,Matthew Python,
openlib_56,Python's Party,Brian Wildsmith,
openlib_57,Python,Jim Knowlton,
openlib_58,Python for Kids,Jason R. Briggs,
openlib_59,Python machine learning,Sebastian Raschka,
openlib_60,Python Algorithms,Magnus Lie Hetland,
openlib_61,Monty Python's the meaning of life,Monty Python,
openlib_62,Introduction To Computation And Programming Using Python,John Guttag,
openlib_63,"Bibliothèque romane de la Suisse; ou, Recueil de morceaux écrits en langue romane de la Suisse occidentale",Python,
openlib_64,Practical Statistics for Data Scientists: 50 Essential Concepts,Peter Bruce,
openlib_65,Verdi,Janell Cannon,
openlib_66,Starting Out with Python,Tony Gaddis,
openlib_67,Let Us Python,Yashavant Kanetkar,
openlib_68,Python,Andy Vickler,
openlib_69,Password Book,Batra BATRA RAJEEV,
openlib_70,Python Programming,"Naveen ,Kumar and Taneja Sheetal",
openlib_71,Python scripts for Abaqus,Gautam Puri,
openlib_72,Understanding coding with Python,Patricia Harris,
openlib_73,Python All-in-One For Dummies,John Shovic,
openlib_74,Python for bioinformatics,Sebastian Bassi,
openlib_75,Python,Bradley N. Miller,
openlib_76,Python Tricks: A Buffet of Awesome Python Features,Dan Bader,
openlib_77,Python programming in context,Bradley N. Miller,
openlib_78,Monty Python's Big Red Book,Monty Python,
openlib_79,Elements of programming interviews in Python,Adnan Aziz,
openlib_80,Python,Kevin Lyn,
openlib_81,The Pythons' Autobiography by the Pythons,Graham Chapman,
openlib_82,Fundamentals of Python Programming,Richard L. Halterman,
openlib_83,Python beyond Python,Paul N. Reinsch,
openlib_84,The Pythons,Graham Chapman,
openlib_85,Life of Brian,Monty Python,
openlib_86,Python,Christopher Cheng,
openlib_87,Concetti di informatica e fondamenti di Python,Unknown,
openlib_88,Python : Programming,iCode Academy,
openlib_89,Foundations of Python network programming,John Goerzen,
openlib_90,Introducing Python,Bill Lubanovic,
openlib_91,Python NSI,Daniel Perarnaud,
openlib_92,Python 3,Peter Wolfinger,
openlib_93,The Pythons,Graham Chapman,
openlib_94,Learn Python-3,Hasanraza ANSARI,
openlib_95,Debunking Seven Terrorism Myths Using Statistics,Andre Python,
openlib_96,Python,Devin Haines,
openlib_97,A Plague of Pythons,Frederik Pohl,
openlib_98,Python Programming,Vijaya Kumara Sarma,
openlib_99,Natural Language Processing With Python,Edward Loper,
openlib_100,Python! python!,Steve Bernard Miles Chimombo,
openlib_101,Python,Cooper Webb,
openlib_102,Dive into Python,Mark Pilgrim,
openlib_103,Learn Python,Srinivas Muralidharan,
openlib_104,Clean Python,Sunil Kapil,
openlib_105,Python for Finance: Analyze Big Financial Data,Yves Hilpisch,
openlib_106,Contractual obligation,Monty Python,
openlib_107,DevOps in Python,Moshe Zadka,
openlib_108,NSI Python,daniel Pérarnaud,
openlib_109,Python,Toby Donaldson,
openlib_110,Python,Kilber Stewart,
openlib_111,Python 3,James R. Parker,
openlib_112,Python,Century writer,
openlib_113,Learn Python,Xploit Hacker,
openlib_114,Pythons,Don Patton,
openlib_115,Python,Oswald Campesato,
openlib_116,Programmation Python,Tarek Ziadé,
openlib_117,Learning Scientific Programming with Python,Christian Hill,
openlib_118,Monty Python's Second Film,Monty Python,
openlib_119,Python Programming : Advanced Python Applications and Features,Coding ACADEMY,
openlib_120,Python Language,Albert Robin,
openlib_121,Python,Josh Thompsons,
openlib_122,Python,Computer Programming Academy,
openlib_123,Python,Del Schenewerk,
openlib_124,Python,Joseph Eddy Fontenrose,
openlib_125,Curso Intensivo de Python,Eric Matthes,
openlib_126,Pro Python,Marty Alchin,
openlib_127,Die Riesenschlange Sansibar,Eric Carle,
openlib_128,Programming in Python 3,Mark Summerfield,
openlib_129,Python Programming,Infinity Solutions,
openlib_130,Monty Python and The Holy Grail (Book),Monty Python,
openlib_131,Just the Words,Monty Python,
openlib_132,Monty Python and the Holy Grail,Monty Python,
openlib_133,Python,Jeff Simon,
openlib_134,Python,Richard Dorsey,
openlib_135,Basics of Python,Yogesh Jadhav,
openlib_136,A Python Book,Dave Kuhlman,
openlib_137,Learn More Python 3 the Hard Way: The Next Step for New Python Programmers (Zed Shaw's Hard Way Series),Zed A. Shaw,
openlib_138,Python,eProgramming,
openlib_139,Programming with Python,Tim Altom,
openlib_140,PYTHON for Beginners,"Pandey, Prof. Asheesh, 1st",
openlib_141,A pocketful of Python,Terry Jones,
openlib_142,Python,Martin McKinsey,
openlib_143,Python Advanced,Gary Gold,
openlib_144,Python,Timo Brumm,
openlib_145,"The ""Pythons"" Autobiography by the ""Pythons"" (Monty Python)",Graham Chapman,
openlib_146,Python Data Science,Programming Languages Programming Languages Project,
openlib_147,Python Basics,H. Bhasin,
openlib_148,Gray hat Python,Justin Seitz,
openlib_149,Python for kids for dummies,Brendan Scott,
openlib_150,Matching tie and handkerchief,Monty Python,
openlib_151,Monty Python's Flying Circus,Monty Python,
openlib_152,Coding for Kids SCRATCH,Joseph Python,
openlib_153,Monty Python's Flying Circus,Monty Python,
openlib_154,Python Programming for Beginners,Matthew Python,
openlib_155,Python Professional Programming : Development Level Python,Peter Klammer,
openlib_156,Python and XML,"Jones, Christopher A.",
openlib_157,Django for Professionals,William S. Vincent,
openlib_158,Ball pythons,Tess Cook,
openlib_159,"Think Like a Programmer, Python Edition",V. Anton Spraul,
openlib_160,Spoiling Python's Schemes,Bobbie Jean Merck,
openlib_161,Python,Cooper Alvin,
openlib_162,Python,Paul Jones,
openlib_163,Python,xploit hacker,
openlib_164,Bite-Size Python,April Speight,
openlib_165,Python dance,Norman Silver,
openlib_166,Pythons,Paula Taylor,
openlib_167,Python Para Pentest,MORENO,
openlib_168,Python Guide Documentation,Kenneth Reitz,
openlib_169,The Greedy Python,Richard Buckley,
openlib_170,Python Cookbook,Gary Gold,
openlib_171,Python Code,Quinn Sabel,
openlib_172,Monty Python. Autobiografía,The Pythons,
openlib_173,Beginning Python,"Lie Hetland, Magnus",
openlib_174,Coding by Doing : for Absolute Beginners - 2 Books in One - Learn SQL and Python Programming,Coding Languages Coding Languages Academy,
openlib_175,"Python: PYTHON TUTORIAL - Learn the Basics of Python Programming in 7 DAYS or LESS! : (Python, Python Programming, Python for Dummies, Python for Beginners, Python Crash Course)",Life -Style,
openlib_176,Another Monty Python record,Monty Python,
openlib_177,Brand New Monty Python Book,Monty Python,
openlib_178,The immortal works of William Shakespeare,Monty Python,
openlib_179,Le grand livre des Monty Python,Monty Python,
openlib_180,Monty Python live at Drury Lane,Monty Python,
openlib_181,Monty Python and the Holy Grail,Monty Python,
openlib_182,Previous record,Monty Python,
openlib_183,The meaning of life,Monty Python,
openlib_184,Monty Python 2001 Calendar with Useless Tips for Living,Monty Python,
openlib_185,Monty Python's Flying Circus,Monty Python,
openlib_186,Previous Record,Monty Python,
openlib_187,Linux for Beginners,Matthew Python,
openlib_188,SQL for Beginners,Matthew Python,
openlib_189,JavaScript for Beginners,Matthew Python,
openlib_190,S'élever dans la lumière du vitrail,Martial Python,
openlib_191,Arduino Programming for Beginners,Matthew Python,
openlib_192,Fairly Incomplete and Rather Badly Illustrated Monty Python Song Book,MONTY PYTHON.,
openlib_193,Des droits du propriétaire sur les eaux surgissant de son fonds,Joseph Python,
openlib_194,Excel 2021,Anthony Python,
openlib_195,Le clerge et le pouvoir politique à Fribourg sous le regime liberal-conservateur 1856-1881,Francis Python,
openlib_196,"Le clergé et le pouvoir politique à Fribourg sous le régime libéral-conservateur, 1856-1881",Francis Python,
openlib_197,La vie mystique de Marguerite Bays : Stigmatisée suisse,Martial Python,
openlib_198,Monty Pythons Big Red Book,Monty Python,
openlib_199,Life of Brian,Monty Python,
openlib_200,Brand New Monty Python Papperbok,Monty Python,
openlib_201,PANERAI,Python Zem,
openlib_202,L' art de vivre taoïste,Pierre Python,
openlib_203,L'éclectique juridique,Jacques Python,
openlib_204,Vinaya-viniścaya-upāli-paripṛcchā,Pierre Python,
openlib_205,El if,Anthony Python,
openlib_206,Monty Python's complete waste of time,Monty Python,
openlib_207,A Million Little Pieces of Feces,Python Bonkers,
openlib_208,Monty Python and the Holy Grail,Monty Python,
openlib_209,Monty Python Sings,Monty Python,
openlib_210,Life of Brian-Original Soundtrack,Monty Python,
openlib_211,The worst of Monty Python's Flying Circus,Monty Python,
openlib_212,Stripie Snakie's Guide to Serpentville,My Python,
openlib_213,Empreintes,Francis Python,
openlib_214,Pouvoirs et societe a Fribourg sous la mediation (1803-1814),Francis Python,
openlib_215,"Mgr Etienne Marilley et son clergé à Fribourg au temps du Sonderbund, 1846-1856",Francis Python,
openlib_216,Python for Beginners,Daniel O'Reilly,
openlib_217,Monty Python,Richard Topping,
openlib_218,Programming in Python 3,Mark Summerfield,
openlib_219,Python Crash Course,Eric LUTZ,
openlib_220,Python for Beginners,Max Coding,
openlib_221,Pythons,Dianna Dorisi-Winget,
openlib_222,Python,Charlie Masterson,
openlib_223,Life of Python,George Perry,
openlib_224,Game Development Using Python,James R. Parker,
openlib_225,Learn Python Quickly,Code Quickly,
openlib_226,Python,Natalie K. Humphrey,
openlib_227,Python Programming,Logical Operations Staff,
openlib_228,Python,Toby Donaldson,
openlib_229,Machine Learning with Python,"Eknath, Prof. Upasani Dhananjay, 1st",
openlib_230,Painless Python,Stephen Perry,
openlib_231,Python hunting,Marley Adair,
openlib_232,Ball Python (Royal Python),Lance Jepson,
openlib_233,Python,Michael Kofler,
openlib_234,Monty Pythons Desktop Pythonizer,Ingram Micro,
openlib_235,Coding with Python,Alexander Cane,
openlib_236,Ball Python,Farhat Khan,
openlib_237,Python Interviews,Michael Driscoll,
openlib_238,Python,Martin Stättner,
openlib_239,Pythons' Autobiography by the Pythons,et al,
openlib_240,Python : Python Programming for Beginners,Joseph Connor,
openlib_241,"PYTHON: the PYTHON PROGRAMMING for Beginners - the Easiest Crash Course to Learn the Python Basics! : (Python, Python Programming, Python for Dummies, Python for Beginners)",Life -Style,
openlib_242,"Monty Python's ""Contractual Obligation""",Monty Python,
openlib_243,Monty Python's life of Brian,Monty Python,
openlib_244,Life of Brian,Monty Python,
openlib_245,Contractual Obligation,Monty Python,
openlib_246,Meaning of Life,Monty Python,
openlib_247,Python Crash Course,PG Wizard Books,
openlib_248,LEARN Python,Adil Malik,
openlib_249,Python,James O. Knowlton,
openlib_250,Aprendendo Python,M. Lutz,
openlib_251,The Quick Python Book,Naomi Ceder,
openlib_252,Using Asyncio in Python,Caleb Hattingh,
openlib_253,Advanced Python Tips,Rahul Agarwal,
openlib_254,Python Programming,Wen Mcrorie,
openlib_255,Pythons,Kerry Hinton,
openlib_256,Pythons,Christine Zuchora-Walske,
openlib_257,Python,Daisy Allyn,
openlib_258,Pythons,Don P. Rothaus,
openlib_259,Python,Stephen Hoffman,
openlib_260,Game Programming With Python (Game Development Series),Sean Riley,
openlib_261,Python Programming,Jason Crash,
openlib_262,Python For ArcGIS,Laura Tateosian,
openlib_263,Python Bible Volume 5,Florian Dedov,
openlib_264,Introduction to Python Programming,Alex Jaxson,
openlib_265,Python for Beginners,Neil NEIL SNYDER,
openlib_266,The Python Book,Aaron Asadi,
openlib_267,Python One-Liners,Christian Mayer,
openlib_268,AI with Python for Beginners,Jim Smith,
openlib_269,Python Data Access,Gurpreet Kaur,
openlib_270,Programando con Python,Jose OJEDA ROJAS,
openlib_271,Python Starterpack,Pranav Ramesh,
openlib_272,Python Programming,Scott Bernard,
openlib_273,Python,Jonathan Yates,
openlib_274,Python,Jonathan Walker,
openlib_275,Python,Alex Meta,
openlib_276,Python,Scott Harvey,
openlib_277,Python,Gale Gabon,
openlib_278,Python Programming,Graham Shaw,
openlib_279,PYTHON - Burmese Pythons and Reticulated Pythons and Related Species,Clifford Roberts,
openlib_280,Machine Learning Python,Nexcod Publishing,
openlib_281,Python Syntax Book : Cover All Essential Python Syntaxes,Dart R. Swift,
openlib_282,Python Programming,Anthony Williams,
openlib_283,Python for Data Science for Dummies,John Paul Mueller,
openlib_284,Python Programming Concepts,Christopher Panaretos,
openlib_285,Selenium with Python,Anand Hooda,
openlib_286,Python for Beginners,Kevin Spencer,
openlib_287,Python,Dev Books,
openlib_288,Pythons,Julie Fiedler,
openlib_289,Pythons,Martha E. H. Rustad,
openlib_290,Pythons,Libby Wilson,
openlib_291,Pythons,Amy Austen,
openlib_292,Python,Barbara A. Somervill,
openlib_293,Python Tutor : Raspberry Pi GPIO Programming Using Python,Israel Melodia,
openlib_294,Python : Python Programming Course,Logan Smith,
openlib_295,Python for Bioinformatics,Sebastian Bassi,
openlib_296,Learn Python,Arianne Luna,
openlib_297,Python annotated archives,Martin Brown,
openlib_298,Learn More Python 3 the Hard Way,Zed Shaw,
openlib_299,Introduction to Python Programming,Gowrishankar S,
openlib_300,Python 101,Ricardo Reid,
openlib_301,Dead Simple Python,Jason C. McDonald,
openlib_302,Python,Nathan Clark,
openlib_303,Python Programming,Maurice J Thompson,
openlib_304,The Practice of Computing Using Python,William F. Punch,
openlib_305,Python,Rebecca Greig,
openlib_306,Python,James Knowlton,
openlib_307,Python,Jamila Jasper,
openlib_308,Python,Rebecca Greig,
openlib_309,Python,Drew Sleep,
openlib_310,Python,April Madden,
openlib_311,Python,April Madden,
openlib_312,Python,jitendra singh,
openlib_313,Python Passion's Ball Python Encyclopedia,Pamela Trentham,
openlib_314,Pythons,Wild Pages Wild Pages Press,
openlib_315,Python,Abdur Sikder,
openlib_316,Python Audio Cookbook,Alexandros Drymonitis,
openlib_317,Python Programming,Daniel OReilly,
openlib_318,Python : Python Programming For Beginners - The Comprehensive Guide To Python Programming,Adam Stark,
openlib_319,Python Programming Fundamentals,Kent D. Lee,
openlib_320,Byte of Python,Swaroop C H,
openlib_321,Python for Everyone,Cay S. Horstmann,
openlib_322,The Greedy Python,Richard Buckley,
openlib_323,Python : Python Programming,Steve Gold,
openlib_324,Python : Python for Beginners Crash Course,Raj Ali,
openlib_325,Beginning Python,Peter C. Norton,
openlib_326,Python 101,Michael Driscoll,
openlib_327,"Deep Learning with Python, Second Edition",François Chollet,
openlib_328,Beginning Programming with Python for Dummies,John Paul Mueller,
openlib_329,Dive into python,Mark Pilgrim,
openlib_330,Burmese Pythons,Philippe De Vosjoli,
openlib_331,Ringed Python,Draven Jett,
openlib_332,Learn Object Oriented Python,Hasan Ansari,
openlib_333,Python Swallowed Whole,Steve Holden,
openlib_334,Python Programming,David Yang,
openlib_335,Learn Python,Stan Rifkin,
openlib_336,Python,Hacking Studios,
openlib_337,Pythons,Martha E. Rustad,
openlib_338,Pythons,Serena Stone,
openlib_339,Pythons,Jody Sullivan Rake,
openlib_340,Python,Barbara A. Somervill,
openlib_341,Pythons,Martha Elizabeth Hillman Rustad,
openlib_342,Python,Chris Fehily,
openlib_343,Pythons,Lucia Raatma,
openlib_344,Pythons,Mary Ann McDonald,
openlib_345,Pythons,Megan M. Gunderson,
openlib_346,Pythons,Gail Terp,
openlib_347,Python,Toby Donaldson,
openlib_348,Starting Out with Python (4th Edition),Tony Gaddis,
openlib_349,Python for Data Science,Alex Campbell,
openlib_350,Python Book 2021 - Python Programming for Beginners!,Magnus D'Jango,
openlib_351,Robust Python,Patrick Viafore,
openlib_352,Python Programming,Sambath M,
openlib_353,Python,Adam Roynon,
openlib_354,Monty Python encyclopedia,Robert Ross,
openlib_355,Softwaretests mit Python,Johannes Hubertz,
openlib_356,Python Phrasebook (Developer's Library),Brad Dayley,
openlib_357,Python,James R. Parker,
openlib_358,Python Schnellkurs,Prof. -Ing. Jürgen Brauer,
openlib_359,Python Programming,moaml mohmmed,
openlib_360,Python Book,Sarah Bankes,
openlib_361,Sélénium Avec Python,Anand Hooda,
openlib_362,Pythons and Boas,Gloria G. Schlaepfer,
openlib_363,Python-Referenz,David M. Beazley,
openlib_364,Python Programming,Nicky Kamerad,
openlib_365,Master Python Programming,Abhishek Singh,
openlib_366,Python dla wszystkich,Charles R. Severance,
openlib_367,Python for Data & Analytics,Daniel Groner,
openlib_368,Python3 Tutorial,Nitin Kanani,
openlib_369,Hacking Python,Thomas Cambrai,
openlib_370,Python Projects,Laura Cassell,
openlib_371,Python Web Programming,Steve Holden,
openlib_372,Murach's Python Programming,Michael Urban,
openlib_373,Python per Diventare Hacker,Younes Haoufadi,
openlib_374,Python Programming,Ramsey Hamilton,
openlib_375,Python 3,Alberto Álvarez,
openlib_376,Core python applications programming,Wesley Chun,
openlib_377,Fundamentals of Python,Kenneth Lambert,
openlib_378,Plague of Pythons,Frederik Pohl,
openlib_379,Python for DevOps,Noah Gift,
openlib_380,Python for Algorithmic Trading,Yves Hilpisch,
openlib_381,A Concise Introduction to Programming in Python,Mark J. Johnson,
openlib_382,Python Programming,i Code Academy,
openlib_383,Python Programming,Norman James,
openlib_384,Murach's Python for Data Analysis,Scott McCoy,
openlib_385,Introduction to Computing Using Python,Ljubomir Perkovic,
openlib_386,Python 3 object oriented programming,Dusty Phillips,
openlib_387,Python® Programming : Advanced,Logical Operations Logical Operations,
openlib_388,The power of Python,Rachel Keranen,
openlib_389,Artificial Intelligence Book,Long Hileman,
openlib_390,Python in Easy Steps,Mike McGrath,
openlib_391,Murach's Python Programming (2nd Edition),Joel Murach,
openlib_392,Reticulated Python As Pets,Lolly Brown,
openlib_393,Python Programming for Intermediates,Python Programming,
openlib_394,Invent your Own Computer Games with Python,Al Sweigart,
openlib_395,Python,Pecinovský Rudolf,
openlib_396,Pythons,James E. Gerholdt,
openlib_397,Pythons,Julie Murray,
openlib_398,Pythons,Unknown,
openlib_399,Pythons,Martha E. H. Rustad,
openlib_400,Pythons,Martha E. H. Rustad,
openlib_401,Pythons,Cari Meister,
openlib_402,Pythons,Gail Terp,
openlib_403,Pythons,Julie Murray,
openlib_404,Pythons,S. L. Hamilton,
openlib_405,Pythons,Sherie Bargar,
openlib_406,Pythons,Sherie Bargar,
openlib_407,Python,Chris Fehily,
openlib_408,Python,Barbara A. Somervill,
openlib_409,Pythons,Jody Sullivan Rake,
openlib_410,Pythons,George Wittemyer,
openlib_411,Pythons,Martha E. H. Rustad,
openlib_412,Python,Tony F. Charles,
openlib_413,Python,Alec Ospina,
openlib_414,Python,Eric Chamberlin,
openlib_415,PYTHON,GUZDIAL,
openlib_416,Pythons,Elizabeth Raum,
openlib_417,Pythons,S L Hamilton,
openlib_418,Pythons,Colleen Sexton,
openlib_419,Pythons,Colleen A. Sexton,
openlib_420,Pythons,Colleen A. Sexton,
openlib_421,Python,Barbara A. Somervill,
openlib_422,Python,Brian Moses,
openlib_423,Pythons,Sue L. Hamilton,
openlib_424,Pythons,Julie Murray,
openlib_425,Pythons,Julie Murray,
openlib_426,Pythons,Christine Zuchora-Walske,
openlib_427,Programming for Computations - Python,Svein Linge,
openlib_428,Python Programming : This Book Includes,Daniel O'Reilly,
openlib_429,Python Para Análise de Dados,Wes McKinney,
openlib_430,MONTY PYTHON SPEAKS,Morgan,
openlib_431,PYTHON,Richard Johnson,
openlib_432,Taming Python,Andy Taylor,
openlib_433,Python Interviews: Discussions with Python Experts,Mike Driscoll,
openlib_434,Python,Andrew Johansen,
openlib_435,The Pythons' Autobiography By The Pythons,Graham Chapman,
openlib_436,Python,Lee Maxwell,
openlib_437,Kinder Lernen Python,yang hu,
openlib_438,Python Book,Hannah Westlake,
openlib_439,Python Book,Amy Best,
openlib_440,Python Programming,"Jackson, Thomas",
openlib_441,Python,Mark Zacks,
openlib_442,Au Lycée Avec Python,Eric Pruvost,
openlib_443,Python Programming Hero,Kovid Panthy,
openlib_444,Pragmatic Python Programming,Gabor Guta,
openlib_445,Pythonic Programming,Dmitry Zinoviev,
openlib_446,Python Dla Wszystkich,Andrzej Wójtowicz,
openlib_447,Python Language,Israel Havis,
openlib_448,Python/C Api Manual - Python 3 : (Python Documentation Manual Part 4),Guido Van Rossum,
openlib_449,Python,Ted Lebowski,
openlib_450,Forging Python,Miki Tebeka,
openlib_451,Python,Bruce Rogers,
openlib_452,Python,Pascal Romanov,
openlib_453,Taming Python,Patty Belle,
openlib_454,Python : This Book Includes,Daniel Géron,
openlib_455,Learn Python for Coding : Python Tutorial for Beginners,Fritz Puzinski,
openlib_456,Beginner's Guide of Python : Automate Tasks with Python,Halina Schones,
openlib_457,Python Programming For Beginners,Python Programming,
openlib_458,Monty Python's spamalot,John Du Prez,
openlib_459,Python per Tutti,Alessandro Rossetti,
openlib_460,Python Interview Questions and Answers,Bandana Ojha,
openlib_461,Python Examples,Torin Foss,
openlib_462,Python Programming,Jimmy Smith,
openlib_463,Python Programming,"James, Thomas",
openlib_464,Graphic Python Algorithms,Yang Hu,
openlib_465,Python standard library,Fredrik Lundh,
openlib_466,Python Programming Basics,B. J. Copeland,
openlib_467,Python fundamentals,Wesley Chun,
openlib_468,The Pythons' autobiography,The Pythons,
openlib_469,Florida's Burmese pythons,Miriam Aronin,
openlib_470,Python Book,Rob Mastrodomenico,
openlib_471,Python 3,Onur Sevli,
openlib_472,Python Packages,Tomas Beuzen,
openlib_473,Python adventure,Anthony McGowan,
openlib_474,Python for Beginners,Kuldeep Singh Kaswan,
openlib_475,Python for Cybersecurity,Howard E. Poston,
openlib_476,Python a fondo,OSCAR RAMÍREZ JÍMENEZ,
openlib_477,Python developer's handbook,Andre Lessa,
openlib_478,Python for Everyone,Cay S. Horstmann,
openlib_479,Learning Professional Python,Usharani Bhimavarapu,
openlib_480,Python Code Bank,Kshitij Jain,
openlib_481,Python How-To,Yong Cui,
openlib_482,Python Workbook,LCF Publishing,
openlib_483,Python Mastery,Jonathan Bates,
openlib_484,Python 3 for absolute beginners,Tim Hall,
openlib_485,A Primer on Scientific Programming with Python,Hans Petter Langtangen,
openlib_486,Python,Timothy C. Needham,
openlib_487,Deep Learning with Python,Alex Root,
openlib_488,Maya Python for games and film,Adam Mechtley,
openlib_489,Powerful Python,Aaron Maxwell,
openlib_490,Programming the Raspberry Pi,Simon Monk,
openlib_491,Python Bookcamp,Vaskaran Sarcar,
openlib_492,"Be gentle, Python!",Jeanne Willis,
openlib_493,Python,Harvey M. Deitel,
openlib_494,Python Recipes,Joey Bernard,
openlib_495,Python power!,Matthew A. Telles,
openlib_496,The life of Python,George Perry,
openlib_497,Learn Python,Be Sure Academy,
openlib_498,Diaries 1969-1979,Michael Palin,
openlib_499,Image Processing and Acquisition Using Python,Sridevi Pudipeddi,
openlib_500,Python Kalender 2021,Cleo Nelson,
openlib_501,Learning Python Programming : Guide to Understand Python Through Examples,Brendon Lavoie,
openlib_502,Python Essentials,Steven F. Lott,
openlib_503,Python : This Book Includes,Andy Vickler,
openlib_504,Python Programming 2022 : Popular Web Python Programming : Python Code Hosting and Django Hosting,Patricia JASMINE,
openlib_505,Python Programming Language,Bradley N. Miller,
openlib_506,Python,Robert Dwight,
openlib_507,Ball Python Kalender 2021,Cleo Nelson,
openlib_508,Data Structure and Algorithmic Thinking with Python: Data Structure and Algorithmic Puzzles,Narasimha Karumanchi,
openlib_509,Python for Beginners,Moaml Mohmmed,
openlib_510,Python QuickStart Guide,Wayne Greene,
openlib_511,Python Guide,Alex Campbell,
openlib_512,Python para Todos,Juan Castiallanos,
openlib_513,Ball Python,Diane Jackson,
openlib_514,How Is Python Code Organized,Century writer,
openlib_515,Burmese Python,Patrick Mark,
openlib_516,Understanding Python's Garbage Collection,Peter Wanjala,
openlib_517,Python Bible Volume 2,Florian Dedov,
openlib_518,Ball Pythons,Brandon WADE,
openlib_519,Easy Learning Python 3,yang hu,
openlib_520,Python for Professionals,Matt Telles,
openlib_521,Python Programming,Jordan Jahns,
openlib_522,Pythonic Adventure,Pavel Anni,
openlib_523,Treading on Python Volume 2,Matt Harrison,
openlib_524,Python Programming for Beginners,Joseph Joyner,
openlib_525,Python Programming for Beginners,Joseph Joyner,
openlib_526,Python Made Simple,Project Syntax,
openlib_527,Python Machine Learning,Frank Millstein,
openlib_528,Beginning Python Visualization,Shailesh kori,
openlib_529,Python,Austin Spencer,
openlib_530,Python 3,Steve Tale,
openlib_531,Learn Python,Bruce Berke,
openlib_532,Python Programming,Mark Adams,
openlib_533,Python,Mark Chen,
openlib_534,Python 3,Steffan Kaminski,
openlib_535,Python Book,Charlie Ginger,
openlib_536,Python Aplicado,Eugenia Bahit,
openlib_537,Burmese Pythons,Emma Huddleston,
openlib_538,Deadly Pythons,Monika Davies,
openlib_539,Intermediate Python,Oswald Campesato,
openlib_540,Professional Python,Luke Sneeringer,
openlib_541,Burmese Pythons,Barbara Ciletti,
openlib_542,Burmese Pythons,Klepeis,
openlib_543,Python jue ji,T. J. O'Connor,
openlib_544,Python for Scientists,"Stewart, John M.",
openlib_545,Python Machine Learning,Wei-Meng Lee,
openlib_546,Programmazione Python,Phoenix Group,
openlib_547,Python Programming,Bryan Johnson,
openlib_548,Python Programming,Cal Baron,
openlib_549,PRACTICAL PYTHON DESIGN PATTERNS,Badenhorst,
openlib_550,Python,Jack Fellers,
openlib_551,Python Programming Basics,Awilda Molett,
openlib_552,Boas and Pythons,Alvin Silverstein,
openlib_553,Python 3,Ernst-Erich Doberkat,
openlib_554,The quick Python book,Daryl D Harms,
openlib_555,Pythons and garter snakes,Henry Thatcher,
openlib_556,Python Data Analysis,Ivan Idris,
openlib_557,Pyomo - Optimization Modeling in Python,William E. Hart,
openlib_558,Python Exercise Book,Eddy Vivian,
openlib_559,The Python Bible Volume 1,Florian Dedov,
openlib_560,Python for Kids,zizo rizk,
openlib_561,Python para principiantes,John Bach,
openlib_562,Learn Algorithmic Trading with Python,Jamal Sinclair O'Garro,
openlib_563,Aprende a Programar Python Desde Cero,Javier Portales,
openlib_564,Python Programming for Beginners,Joe Benton,
openlib_565,Python Real-World Projects,Steven F. Lott,
openlib_566,Design Patterns in Python,Sean Bradley,
openlib_567,Python and AWS cookbook,Mitch Garnaat,
openlib_568,Python Projects for Beginners,Connor P. Milliken,
openlib_569,Python Programming,Ryan Turner,
openlib_570,Python Programming,Kevin Lioy,
openlib_571,Raspberry Pi Python Install : Programming Raspberry Pi with Python,Kareem Lembo,
openlib_572,Beginning Ethical Hacking with Python,Sanjib Sinha,
openlib_573,Python Programming,Adrien Aida,
openlib_574,Python Data Analytics,Ethan Williams,
openlib_575,Python Pet,Laura W.,
openlib_576,Python Programming,Yuvaraj Jonna,
openlib_577,Python Madness,James Smith,
openlib_578,Python Programming,Navi Feroz,
openlib_579,Python Examples,Arthur E. Williams,
openlib_580,Python Blitz,James Smith,
openlib_581,Python Programming,Jon Bond,
openlib_582,Python 3,Paolo Sustrico,
openlib_583,Python Programming,Joseph Langston,
openlib_584,Python Notes,Abdul Mustafa,
openlib_585,Python® Programming : Advanced,Logical Operations Logical Operations,
openlib_586,Monty Python,John Philip Sousa,
openlib_587,Python Years,Michael Palin,
openlib_588,Python Tutorial,Unknown,
openlib_589,Python Catchers,Marta Magellan,
openlib_590,Prinz und Python,Gisela Kraft,
openlib_591,Python Who Cried,Barry Hyland,
openlib_592,Monty Python,Steve Pilkington,
openlib_593,Python Programming,George Duckett,
openlib_594,Python 2,Matthew Kindy,
openlib_595,Python/C API Manual - Python 2. 6,Guido van Rossum,
openlib_596,Expert Python programming,Tarek Ziadé,
openlib_597,Web Scraping with Python,Ryan Mitchell,
openlib_598,Python Crash Course,Harjit Suman,
openlib_599,Python : 2 Manuscripts in 1 book,Timothy C. Needham,
openlib_600,Python Programming Books Set,James Long,
openlib_601,Programmer Avec Python,Lucas Dubray,
openlib_602,Python Scapy Dot11,Yago Hansen,
openlib_603,Python Programming,Steven Giles,
openlib_604,Clean Code in Python,Mariano Anaya,
openlib_605,Python Programming : This Book Include,Oliver Soranson,
openlib_606,Python programming,John M. Zelle,
openlib_607,Hands-On Blockchain for Python Developers,Arjuna Sky Kok,
openlib_608,Python Crash Course : Introduction to Programming with Python Coding Language + Python for Data Analysis,Eric Marston,
openlib_609,Python 2.1 Bible,Dave Brueck,
openlib_610,Coding Projects in Python,Unknown,
openlib_611,Ball Python : Ball Python,Charles Darwin,
openlib_612,Ball Python Care : Ball Python,Smith MICHEAL,
openlib_613,How to Use Python : Understand the Fundamentals of Python Programming,Rutha Mitton,
openlib_614,Book to Learn Python Coding : Acing Programming in Python,Johnnie Matranga,
openlib_615,Python Textbook,Mark Terwilliger,
openlib_616,Python Strategy,Tigran Petrosian,
openlib_617,Beginning Python,Peter C. Norton,
openlib_618,Exploring Python,Timothy A. Budd,
openlib_619,Burmese Pythons,Jody Jensen Shaffer,
openlib_620,Python Cryptography,Anish Nath,
openlib_621,Burmese Pythons,Willow Clark,
openlib_622,Exploring Python,Timothy Budd,
openlib_623,Python Dash,Christian Mayer,
openlib_624,Python Programming,William Gunnells,
openlib_625,Python Basics,Chris Roffey,
openlib_626,Python Book,April Madden,
openlib_627,Essential Python,Sridevi Pudipeddi,
openlib_628,Mission Python,Sheela Preuitt,
openlib_629,Python 3,Unknown,
openlib_630,Ball pythons,John Coborn,
openlib_631,Python Book,Charlie Ginger,
openlib_632,Python Programming,Vinod Patidar,
openlib_633,Programming in Python,Pooja Sharma,
openlib_634,Monty Python live!,Graham Chapman,
openlib_635,Python for Linguists,Michael Hammond,
openlib_636,Quick Python 3,David Matuszek,
openlib_637,Life of Python,George C. Perry,
openlib_638,Adventures in Python,Craig Richardson,
openlib_639,Python Programming Learning Secret,Abiola Ayoola,
openlib_640,Python Cheat Sheet,Jérémy BRANDT,
openlib_641,Python Programming,Jeff Burn,
openlib_642,Python,Osama Adel,
openlib_643,Python 3,Zizi,
openlib_644,Python Programming,Andrew Burn,
openlib_645,Python Programming,Jason Rees,
openlib_646,Python,Nexcod Publishing,
openlib_647,Python for Developers,Mohit Raj,
openlib_648,Python Ultimate Guide,Melynda Pacquette,
openlib_649,Python 3 - Intensivkurs,Mark Pilgrim,
openlib_650,Python Programming Tutorials,Adelaida Seykoski,
openlib_651,Python Robotics Projects,Prof. Diwakar Vaish,
openlib_652,Python Programming for Newbies,Ajit Kumar,
openlib_653,Keras Python : Keras Incremental Training,Bula Champion,
openlib_654,Learn Python,Kishore Kumar,
openlib_655,Python,Moubachir MADANI FADOUL,
openlib_656,Python : 2 Books in 1,Kevin Spencer,
openlib_657,Python,Leonard Eddison,
openlib_658,Python Programming Now!,D. James Smith,
openlib_659,Python 3 Crash Course,vishal singh,
openlib_660,Python Programming for Beginners,Elite Tech Academy,
openlib_661,Python Programming,K Connors,
openlib_662,Treading on Python Volume 1,Matt Harrison,
openlib_663,Praktische Algorithmik MIT Python,Tobias Häberlein,
openlib_664,Practical Python,Ejike IfeanyiChukwu,
openlib_665,Visual quickstart guide,Chris Fehily,
openlib_666,Pythonic Geodynamics,Gabriele Morra,
openlib_667,Python Workout,Reuven M. Lerner,
openlib_668,Programmare con Python,Marco Buttu,
openlib_669,Python Isle,Will Murray [Kenneth Robeson],
openlib_670,Some Doves and Pythons,Sumner Locke Elliott,
openlib_671,Scratch and Python,Hywel Carver,
openlib_672,Python Tutorial,Guido van Rossum,
openlib_673,Python and Tkinter programming,John E. Grayson,
openlib_674,Python 3 Programming,Timothy C. Needham,
openlib_675,Learn Python in 7 Days: Begin your journey with Python,Mohit,
openlib_676,Python for Beginners: 2018 Edition: Learn to Code with Python!,Mark Lassoff,
openlib_677,Object-oriented programming in Python,Michael H Goldwasser,
openlib_678,Python web development with Django,Jeff Forcier,
openlib_679,Python Crash Course,sathish kumar,
openlib_680,Python Quick-Start Guide,Rapid Publications,
openlib_681,Easy Learning Python,yang hu,
openlib_682,Python for Beginners,Daniel OReilly,
openlib_683,Python Programming : This Book Includes,Computer Science Computer Science Academy,
openlib_684,Starting Out with Python [High School Edition],Tony Gaddis,
openlib_685,Mastering Python Design Patterns,Sakis Kasampalis,
openlib_686,Python Programming for Beginners,Craig Benson,
openlib_687,Hacking With Python,Logan Styles,
openlib_688,Introduction to programming in Python,Robert Sedgewick,
openlib_689,Python,Zach Webber,
openlib_690,Learning Python With Raspberry Pi,Russel Winder,
openlib_691,C and Python Applications,Philip Joyce,
openlib_692,Python : - The Bible- 3 Manuscripts in 1 book,Maurice J. Thompson,
openlib_693,Beginning Python,Magnus Lie Hetland,
openlib_694,White python,Mark Channing,
openlib_695,Belajar Pemrograman dan Hacking Menggunakan Python,Wardana,
openlib_696,Data Structures and Algorithms in Python,Robert Lafore,
openlib_697,"Python Deep Learning : Complete Guide to Learn Programming, Python Coding, Data Analysis",Vaughn Ripka,
openlib_698,Python : This Book Includes,Andy Vickler,
openlib_699,Python Algorithms: Mastering Basic Algorithms in the Python Language,Magnus Lie Hetland,
openlib_700,Ball pythons,R. D. Bartlett,
openlib_701,AccountingPy,Jared Self,
openlib_702,Python : guia paso a paso para aprender programación Python,Unknown,
openlib_703,Playful Python Projects,Mozgovoy Maxim,
openlib_704,The Python Quick Syntax Reference,Gregory Walters,
openlib_705,Python Au Lycée,Arnaud Bodin,
openlib_706,Python machine learning from scratch,Jonathan Adam,
openlib_707,A Smarter Way to Learn Python,Mark Myers,
openlib_708,Python Programming for Beginners,Chris Sebastian,
openlib_709,Foundations of Python network programming,Brandon Rhodes,
openlib_710,Python Programming for Beginners and Hacking with Python 2 Bundle Manuscript,owen krien,
openlib_711,Stroking the python,Diane Stein,
openlib_712,Python ile Derin Öğrenme,François Chollet,
openlib_713,Data Structures Using Python,Shriram K. Vasudevan,
openlib_714,Basic Python in Finance,Bob Mather,
openlib_715,Machine Learning with Python,Paige Jacobs,
openlib_716,Numerical methods in engineering with Python,Jaan Kiusalaas,
openlib_717,Python 3,Leonel Peña,
openlib_718,Python cheng xu she ji,David I. Schneider,
openlib_719,the Python Workshop,Andrew Bird,
openlib_720,Living Pythons,Jerry G. Walls,
openlib_721,Python Isle,"Kenneth and Murray, Will Robeson",
openlib_722,Python 3,Mark Summerfield,
openlib_723,Python Dance,Ibrahim TIAMIYU,
openlib_724,Python MCQ,Satyaki Das,
openlib_725,Python Unlocked,Robert,
openlib_726,Python Spirits,Jazmine Pittman,
openlib_727,Mobile Python,J. Scheible,
openlib_728,Python Bibliography,Developers from DevZone,
openlib_729,Koi's python,Miriam Moore,
openlib_730,Reticulated Python,Tamra B. Orr,
openlib_731,Deadly Pythons,Monika Davies,
openlib_732,Izuchaem Python,Unknown,
openlib_733,Liang Python,Y. Daniel Liang,
openlib_734,Flying Pythons,Victoria Ifeolu,
openlib_735,Hello! Python,Anthony Briggs,
openlib_736,Python's Embrace,Eve Langlais,
openlib_737,Python's Embrace,Eve Langlais,
openlib_738,Python Island,Professor Eno Grace Nta,
openlib_739,Einfach Python,Unknown,
openlib_740,Python Threads,Ashz Maruch,
openlib_741,Learning Python,Fabrizio Romano,
openlib_742,Python Cookbook,Brian K. Jones,
openlib_743,Python cave,Merna Wilson,
openlib_744,Python Descriptors,Jacob Zimmerman,
openlib_745,Python's Revenge,Meredith Rusu,
openlib_746,Python 网络爬虫从入门到精通,吕云翔，张扬，韩延刚，等,
openlib_747,Python Pitn,Daisy Allyn,
openlib_748,Hello! Python,Anthony D. Briggs,
openlib_749,The Python,haroonuzzaman,
openlib_750,Burmese pythons,Willow Clark,
openlib_751,Burmese pythons,John Coborn,
openlib_752,Reticulated pythons,Unknown,
openlib_753,Simple Python,Dennis Pringle,
openlib_754,Python / Piton,Daisy Allyn,
openlib_755,Python 3,Unknown,
openlib_756,Monty Python,Paul Fieter,
openlib_757,Python Programming,Richa Malhotra,
openlib_758,Python Basics,Vivek Krishnamoorthy,
openlib_759,Python Forensics,Hasanraza ANSARI,
openlib_760,Python's Embrace,"Langlais,Eve",
openlib_761,Reticulated python,Tamra Orr,
openlib_762,Burmese pythons,Emily Rose Oachs,
openlib_763,Ball pythons,Davy Sweazey,
openlib_764,Pocket Python,Pam Adams,
openlib_765,Python dance,Norman Silver,
openlib_766,Python Phrasebook,Brad Dayley,
openlib_767,Beginning Python,Peter C Norton,
openlib_768,Ball pythons,Richard D. Bartlett,
openlib_769,Python Pyinbya,Rajesh A Narayanan,
openlib_770,Python bibliography,Safari Books Online (Firm),
openlib_771,Python Programming,Wikibooks contributors,
openlib_772,Python Packages,Unknown,
openlib_773,Python Packages,Unknown,
openlib_774,Practical Python,Magnus Lie Hetland,
openlib_775,Python Notebook,nick walsh,
openlib_776,Think Python,Vimal S.Swaan,
openlib_777,Python Essentials,Linda Lance,
openlib_778,Python Pyinbya,Rajesh Narayanan,
openlib_779,Python Handbook,Todd Cruz,
openlib_780,Python Bootcamp,David Maxwell,
openlib_781,Python Succinctly,Jason Cannon,
openlib_782,Mastering Python,Aaron Brookes,
openlib_783,Python Handbook,James Pattrick,
openlib_784,Python Love,Shannon Arntfield,
openlib_785,Python Programming Patterns,Thomas W. Christopher,
openlib_786,Python Für Dummies,Johannes C. Hofmeister,
openlib_787,Programming with Python,T R Padmanabhan,
openlib_788,Geoprocessing with Python,Chris Garrard,
openlib_789,Building Python Programs,Stuart Reges,
openlib_790,Bashful ball pythons,Kelly Doudna,
openlib_791,Head First Python,Paul Barry,
openlib_792,Python for MBAs,Mattan Griffel,
openlib_793,Monty Python encyclopedia,"Ross, Robert",
openlib_794,Python for bioinformatics,Jason M. Kinser,
openlib_795,Job Ready Python,Haythem Balti,
openlib_796,Advanced Python Programming,Brian Overland,
openlib_797,Hands-On Web Scraping with Python,Anish Chapagain,
openlib_798,Python First,Atanas Radenski,
openlib_799,Ball Pythons,Jon Coote,
openlib_800,Python 3,Rafael Hinojosa,
openlib_801,Python,Swapnil Sapre,
openlib_802,Monty Python,Patrick Marcel,
openlib_803,Python Examination,Raspberry D. Docker,
openlib_804,Python,Arnold Willemer,
openlib_805,Python Ögreniyorum,Gökhan Su,
openlib_806,Some doves and pythons,Sumner Locke Elliott,
openlib_807,Exploring Python,Markus Nix,
openlib_808,Boas and Pythons,Dr Alvin Silverstein,
openlib_809,Python,Peter Walerowski,
openlib_810,Qu xue Python bian cheng,Bu li ge si,
openlib_811,Royal Pythons,Jon Coote,
openlib_812,Boas and Pythons,Erik D. Stoops,
openlib_813,Le petit Python - Aide-mémoire pour Python 3,M. Richard Gomez,
openlib_814,Python Programming,Martin C. Brown,
openlib_815,Pythons and their ways,F  W. Fitzsimons,
openlib_816,Pythons and their ways,F. W. Fitzsimons,
openlib_817,Some doves and pythons,Sumner Locke Elliott,
openlib_818,Boas and pythons,Alvin Silverstein,
openlib_819,Operation Python,Paula Cross,
openlib_820,Python Robotics,Gerardus Blokdyk,
openlib_821,Unleash the Python; Python Programming for Complete Beginners,Paul Murphy,
openlib_822,Python Learn Python Programming Language from the Scratch,Adney Ainsley,
openlib_823,Python for Informatics,Dr. Charles R Severance,
openlib_824,Python for Informatics,Dr. Charles Russell Severance,
openlib_825,Python Programming,Irfan Turk,
openlib_826,"Java, Python, C++",Martin Laredo,
openlib_827,Python Utile,Julien Faujanet,
openlib_828,Python,Tom Tiffel,
openlib_829,Python,Mark Anderson,
openlib_830,Python Robotics,Gerard Blokdyk,
openlib_831,Hacking With Python,Owen Kriev,
openlib_832,Python API Development Fundamentals,Jack Chan,
openlib_833,Machine Learning with Python,Charles Countess,
openlib_834,Lean Python: Learn Just Enough Python to Build Useful Tools,Paul Gerrard,
openlib_835,Python Flash Cards,Eric Matthes,
openlib_836,Artificial Intelligence with Python,Hasanraza ANSARI,
openlib_837,Supervised Learning with Python,Vaibhav Verdhan,
openlib_838,Python Programming,Peter van Dijk,
openlib_839,Python Programming,Jason Greg,
openlib_840,Python Programming,Antony Mc Fedden,
openlib_841,Age of the Python Language,F. P. Riobo,
openlib_842,Burmese Python,Farhat Khan,
openlib_843,Python for Beginners,Robert Hill,
openlib_844,Python Programming,Alexander Bold,
openlib_845,Computational Thinking with Python,Reginald Bolman,
openlib_846,Programming Microcontrollers with Python,Armstrong Subero,
openlib_847,Python Made Simple,Rydhm Beri,
openlib_848,Excellent Python Textbook,Pat Mcclarty,
openlib_849,Hypermodern Python Tooling,Claudio Jolowicz,
openlib_850,Python Programming,Edward Frandsen,
openlib_851,Python for SAS Users,Randy Betancourt,
openlib_852,Ball Python,Edward Vaughn,
openlib_853,Python for Beginners,Mirabelle Harper,
openlib_854,Python My Bestie,Er. Kumar Anurag,
openlib_855,Python Made Easy,Kevin Wilson,
openlib_856,Spirit of Python Unveiled,Paula Cross,
openlib_857,Python : The Complete Manual,Katharine Marsh,
openlib_858,Python : The Complete Manual,Amy Best,
openlib_859,Python Programming,The Code Academy,
openlib_860,Python Programming,Evan Lane,
openlib_861,Python Programming,Hacking Studios,
openlib_862,Python for Beginners,Larry Lutz,
openlib_863,Artificial Intelligence Python,Anthony Williams,
openlib_864,Intermediate Python Programming,Richard Ozer,
openlib_865,Python Programming,Mr Daniel Jones,
openlib_866,Python,Nick Williamson,
openlib_867,Python Programming for Beginners,Paul Kinley,
openlib_868,Data Analytics with Python,Frank Millstein,
openlib_869,Python,I. T. Academy,
openlib_870,Beginning Python visualization,Shai Vaingast,
openlib_871,Reinforcement learning with Python,Bob Story,
openlib_872,Python Coding : 2 Manuscripts in 1 Book,Stephen Ward,
openlib_873,Python,Edward Cole,
openlib_874,Python : Python Programming for Beginners,Brian Brian Jenkins,
openlib_875,Learn Python Programming : Basic Use Case for Python,Johnathon Cartaya,
openlib_876,Python Programming : the Ultimate Guides for Making Computer Vision Using Python,Jesus Sanos,
openlib_877,Python for Computer Vision : Learning to Program by Python Language with Guides,Chong Party,
openlib_878,Starting Out with Python,Tony Gaddis,
openlib_879,Learn Python in 1 Day,Krishna Rungta,
openlib_880,Coding for Beginners Using Python,Eric LUTZ,
openlib_881,Learning Python,Amro Solima,
openlib_882,Python Programming,Stephen Ward,
openlib_883,Learning BeagleBone Python Programming,Alexander Hiam,
openlib_884,Python Machine Learning for Beginners,Ken Douglas,
openlib_885,La fille du python,Basuakuamba.,
openlib_886,Programming in Python 3,Mark Summerfield,
openlib_887,Python Programming for Beginners,James Long,
openlib_888,"Python Interview Questions, Answers, and Explanations",ITCOOKBOOK,
openlib_889,Certified Entry-Level Python Programmer,Abdul Abdul Mannan,
openlib_890,Python : 3 Programmieren Für Einsteiger,Michael Bonacina,
openlib_891,Python 101 : Basics for Beginners,Jérémy BRANDT,
openlib_892,Regression Analysis with Python,Luca Massaron,
openlib_893,Pity the Python,Sydnie Meltzer Kleinhenz,
openlib_894,Python Machine Learning,Samuel Samuel Burns,
openlib_895,Matplotlib for Python Developers,Aldrin Yim,
openlib_896,Python Programming,Daniel Jones,
openlib_897,Fundamentals of Python: First Programs,Kenneth A. Lambert,
openlib_898,Python Data Science,Andrew Park,
openlib_899,Python Object-Oriented Programming,Steven F. Lott,
openlib_900,Who Would Win? Alligator vs. Python,Jerry Pallotta,
openlib_901,Python for Finance Cookbook,Eryk Lewinson,
openlib_902,Python Programming : Python Programming,Clive Campbell,
openlib_903,Python for Beginners 2020,Richard Steve,
openlib_904,Data wrangling with Python,Jacqueline Kazil,
openlib_905,Artificial Intelligence with Python: A Comprehensive Guide to Building Intelligent Apps for Python Beginners and Developers,Prateek Joshi,
openlib_906,Manual Python,Jotta Corporation,
openlib_907,Micro,J. C. Bautista,
openlib_908,Python Programming,Aaron Smith,
openlib_909,Pythons,Patricia Bartlett,
openlib_910,Unlocking Python,Ryan Mitchell,
openlib_911,Mastering Python Networking,Eric Chou,
openlib_912,Python Unlocked,Arun Tigeraniya,
openlib_913,Beginning Game Development with Python and Pygame,Will McGugan,
openlib_914,Machine Learning using Python,Manaranjan Pradhan and U Dinesh Kumar,
openlib_915,Understanding Optics with Python,Vasudevan Lakshminarayanan,
openlib_916,Digital Modulations using Python,Mathuranathan Viswanathan,
openlib_917,Python and Tkinter Programming,John E Grayson,
openlib_918,Dive into Python 3,Mark Pilgrim,
openlib_919,Modern Python Cookbook,Steven F. Lott,
openlib_920,"Python Programming Language : Python Programming Tutorial for Beginners, Intermediates and Advanced Users",James Mervin,
openlib_921,Python for Beginners,Yatin Bayya,
openlib_922,Expert Python Programming,Michał Jaworski,
openlib_923,Python Machine Learning,Ryan Turner,
openlib_924,Python Programming for Beginners,Leonard Lee,
openlib_925,Python Tutor : Raspberry Pi GPIO Programming Using Python,Elton Whetham,
openlib_926,Python,Ryan Hutt,
openlib_927,Python Programming for Beginners,Codeone Publishing,
openlib_928,Python Essential Reference,David M. Beazley,
openlib_929,Python Without Fear,Brian Overland,
openlib_930,Coding with Python,Álvaro Scrivano,
openlib_931,Python para todos,Raúl González Duque,
openlib_932,Python Ge-Packt,Michael Weigend,
openlib_933,Python Programming Language,Berajah Jayne,
openlib_934,Python Data Science,Chaolemen Borjigin,
openlib_935,Python for Programmers,Oswald Campesato,
openlib_936,Python Programming on Win32,Mark Hammond,
openlib_937,Python Data Science,James Bolt,
openlib_938,Dancing with Python,Robert S. Sutor,
openlib_939,Intuitive Python,David Muller,
openlib_940,Python Game Programming By Example,Alejandro Rodas de Paz,
openlib_941,Python Digital Forensics Cookbook: Effective Python recipes for digital investigations,Preston Miller,
openlib_942,Monty Python,Richard Topping,
openlib_943,Python,Joseph Eddy Fontenrose,
openlib_944,Python Geospatial Development - Second Edition,Erik Westra,
openlib_945,Curso Acelerado de Programación en Python,Alex Jaxson,
openlib_946,Python,John Slavio,
openlib_947,Python Coding : 2 Books in 1,Stephen Ward,
openlib_948,Bioinformatics programming using Python,Mitchell L. Model,
openlib_949,Monty Python's flying circus,Graham Chapman,
openlib_950,Python geospatial development,Erik Westra,
openlib_951,Monty Python,Robert Hewison,
openlib_952,Ringed Python,Eva Jason,
openlib_953,Python Learn the Basics Fast,Chris Sheridan,
openlib_954,Python Machine Learning : Scikit-Learn Tutorial,Danilo Stannard,
openlib_955,Introduction to Computing Using Python,Infinity Solution,
openlib_956,Python for Data Analysis,Sandhya Arora,
openlib_957,Once upon Python,J. W. Roo,
openlib_958,Python per Principianti,John Bach,
openlib_959,Algoritmi Python,yang hu,
openlib_960,Ball Python,David Jack,
openlib_961,Python Smack Programming,Kurex Mars,
openlib_962,Hacking Python,Thomas Cambrai,
openlib_963,Arun Teaches Python,Arun Baruah,
openlib_964,Algorithmen Python,yang hu,
openlib_965,Programming in Python 3,Dorling Kindersley India,
openlib_966,Python for Kids,am moh,
openlib_967,Woma Python,Gabriel Lincoln,
openlib_968,Playing with Python,Anish Cherukuthota,
openlib_969,Python Programming for Beginners,Mario Wheeler,
openlib_970,Python for Beginners,Elinda Lara,
openlib_971,Python Machine Learning Book,Yong Defina,
openlib_972,Python for Beginners,Unknown,
openlib_973,Python Spirit Destruction,Olusola Coker,
openlib_974,P for Python,Chak Tin Yu,
openlib_975,Python Programming,Elite Tech Academy,
openlib_976,Python Programming Advanced,Adam Stewart,
openlib_977,Python Programming,Joshua Welsh,
openlib_978,Python,Ronald Olsen,
openlib_979,Programming in Python 3,Vimal S.Swaan,
openlib_980,Python Programming,Marco Robert,
openlib_981,Python,R. M. Lewis,
openlib_982,Programming Python,Damien Goodin,
openlib_983,Smack Python Programming,Jacob Elias,
openlib_984,Python at Super Human Speed,Sagar Bansal,
openlib_985,Python Programming for Beginners,Robert Richards,
openlib_986,Python for Beginners,Brady Ellison,
openlib_987,Coding for Kids in Python,Ellen Tale,
openlib_988,Python Programming for Advanced,Python Programming,
openlib_989,Beginner's Guide to Python,Ava Mola,
openlib_990,How to Code in Python,Yassine MOUSAIF,
openlib_991,Mastering Python Forensics,Dr. Michael Spreitzenbarth,
openlib_992,Mastering Large Datasets with Python,John Wolohan,
openlib_993,Python : Programming for Advanced,Python Language,
openlib_994,Coffee Break Python,Christian Mayer,
openlib_995,Python Programming,Bill Norton,
openlib_996,Python Primer for ArcGIS,Nathan Jennings,
openlib_997,Python,Carina Nolan,
openlib_998,Learning Python,Oliver Soranson,
openlib_999,Mastering Python,Rick van Hattem,
openlib_1000,Python Essentials 1,OpenEDG Python Institute,
