ID,Title,Price,Rating,Stock
book_1,A Light in the Attic,Â£51.77,Three,In stock
book_2,Tipping the Velvet,Â£53.74,One,In stock
book_3,Soumission,Â£50.10,One,In stock
book_4,Sharp Objects,Â£47.82,Four,In stock
book_5,Sapiens: A Brief History of Humankind,Â£54.23,Five,In stock
book_6,The Requiem Red,Â£22.65,One,In stock
book_7,The Dirty Little Secrets of Getting Your Dream Job,Â£33.34,Four,In stock
book_8,"The Coming Woman: A Novel Based on the Life of the Infamous Feminist, Victoria Woodhull",Â£17.93,Three,In stock
book_9,The Boys in the Boat: Nine Americans and Their Epic Quest for Gold at the 1936 Berlin Olympics,Â£22.60,Four,In stock
book_10,The Black Maria,Â£52.15,One,In stock
book_11,"Starving Hearts (Triangular Trade Trilogy, #1)",Â£13.99,Two,In stock
book_12,Shakespeare's Sonnets,Â£20.66,Four,In stock
book_13,Set Me Free,Â£17.46,Five,In stock
book_14,Scott Pilgrim's Precious Little Life (Scott Pilgrim #1),Â£52.29,Five,In stock
book_15,Rip it Up and Start Again,Â£35.02,Five,In stock
book_16,"Our Band Could Be Your Life: Scenes from the American Indie Underground, 1981-1991",Â£57.25,Three,In stock
book_17,Olio,Â£23.88,One,In stock
book_18,Mesaerion: The Best Science Fiction Stories 1800-1849,Â£37.59,One,In stock
book_19,Libertarianism for Beginners,Â£51.33,Two,In stock
book_20,It's Only the Himalayas,Â£45.17,Two,In stock
book_21,Modern Romance,Â£28.26,Five,In stock
book_22,Miss Peregrineâs Home for Peculiar Children (Miss Peregrineâs Peculiar Children #1),Â£10.76,One,In stock
book_23,Louisa: The Extraordinary Life of Mrs. Adams,Â£16.85,Two,In stock
book_24,Little Red,Â£13.47,Three,In stock
book_25,Library of Souls (Miss Peregrineâs Peculiar Children #3),Â£48.56,Five,In stock
book_26,Large Print Heart of the Pride,Â£19.15,Two,In stock
book_27,I Had a Nice Time And Other Lies...: How to find love & sh*t like that,Â£57.36,Four,In stock
book_28,Hollow City (Miss Peregrineâs Peculiar Children #2),Â£42.98,One,In stock
book_29,Grumbles,Â£22.16,Two,In stock
book_30,Full Moon over Noahâs Ark: An Odyssey to Mount Ararat and Beyond,Â£49.43,Four,In stock
book_31,Frostbite (Vampire Academy #2),Â£29.99,Five,In stock
book_32,Follow You Home,Â£21.36,One,In stock
book_33,First Steps for New Christians (Print Edition),Â£29.00,One,In stock
book_34,Finders Keepers (Bill Hodges Trilogy #2),Â£53.53,Five,In stock
book_35,"Fables, Vol. 1: Legends in Exile (Fables #1)",Â£41.62,Four,In stock
book_36,Eureka Trivia 6.0,Â£54.59,Four,In stock
book_37,Drive: The Surprising Truth About What Motivates Us,Â£34.95,Four,In stock
book_38,Done Rubbed Out (Reightman & Bailey #1),Â£37.72,Five,In stock
book_39,Doing It Over (Most Likely To #1),Â£35.61,Three,In stock
book_40,"Deliciously Ella Every Day: Quick and Easy Recipes for Gluten-Free Snacks, Packed Lunches, and Simple Meals",Â£42.16,Three,In stock
book_41,Dark Notes,Â£19.19,Five,In stock
book_42,"Daring Greatly: How the Courage to Be Vulnerable Transforms the Way We Live, Love, Parent, and Lead",Â£19.43,Three,In stock
book_43,Close to You,Â£49.46,Four,In stock
book_44,Chasing Heaven: What Dying Taught Me About Living,Â£37.80,Two,In stock
book_45,Big Magic: Creative Living Beyond Fear,Â£30.80,Three,In stock
book_46,Becoming Wise: An Inquiry into the Mystery and Art of Living,Â£27.43,Two,In stock
book_47,Beauty Restored (Riley Family Legacy Novellas #3),Â£11.11,Two,In stock
book_48,Batman: The Long Halloween (Batman),Â£36.50,Two,In stock
book_49,Batman: The Dark Knight Returns (Batman),Â£15.38,Five,In stock
book_50,Ayumi's Violin,Â£15.48,Two,In stock
book_51,Anonymous,Â£46.82,Four,In stock
book_52,Amy Meets the Saints and Sages,Â£18.46,Three,In stock
book_53,Amid the Chaos,Â£36.58,One,In stock
book_54,Amatus,Â£50.54,Five,In stock
book_55,Agnostic: A Spirited Manifesto,Â£12.51,Five,In stock
book_56,Zealot: The Life and Times of Jesus of Nazareth,Â£24.70,Three,In stock
book_57,You (You #1),Â£43.61,Five,In stock
book_58,"Wonder Woman: Earth One, Volume One (Wonder Woman: Earth One #1)",Â£37.34,Four,In stock
book_59,Wild Swans,Â£14.36,Two,In stock
book_60,Why the Right Went Wrong: Conservatism--From Goldwater to the Tea Party and Beyond,Â£52.65,Four,In stock
book_61,Whole Lotta Creativity Going On: 60 Fun and Unusual Exercises to Awaken and Strengthen Your Creativity,Â£38.20,Four,In stock
book_62,What's It Like in Space?: Stories from Astronauts Who've Been There,Â£19.60,Two,In stock
book_63,"We Are Robin, Vol. 1: The Vigilante Business (We Are Robin #1)",Â£53.90,One,In stock
book_64,Walt Disney's Alice in Wonderland,Â£12.96,Five,In stock
book_65,V for Vendetta (V for Vendetta Complete),Â£37.10,Four,In stock
book_66,Until Friday Night (The Field Party #1),Â£46.31,Two,In stock
book_67,"Unbroken: A World War II Story of Survival, Resilience, and Redemption",Â£45.95,Two,In stock
book_68,Twenty Yawns,Â£22.08,Two,In stock
book_69,Through the Woods,Â£25.38,Two,In stock
book_70,This Is Where It Ends,Â£27.12,Two,In stock
book_71,The Year of Magical Thinking,Â£43.04,Two,In stock
book_72,The Wright Brothers,Â£56.80,Four,In stock
book_73,The White Queen (The Cousins' War #1),Â£25.91,Five,In stock
book_74,The Wedding Pact (The O'Malleys #2),Â£32.61,Three,In stock
book_75,The Time Keeper,Â£27.88,Five,In stock
book_76,The Testament of Mary,Â£52.67,Four,In stock
book_77,The Star-Touched Queen,Â£46.02,Five,In stock
book_78,The Songs of the Gods,Â£44.48,Five,In stock
book_79,The Song of Achilles,Â£37.40,Five,In stock
book_80,The Rosie Project (Don Tillman #1),Â£54.04,One,In stock
book_81,The Power of Habit: Why We Do What We Do in Life and Business,Â£16.88,Three,In stock
book_82,The Marriage of Opposites,Â£28.08,Four,In stock
book_83,The Lucifer Effect: Understanding How Good People Turn Evil,Â£10.40,One,In stock
book_84,The Long Haul (Diary of a Wimpy Kid #9),Â£44.07,One,In stock
book_85,The Loney,Â£23.40,One,In stock
book_86,The Literature Book (Big Ideas Simply Explained),Â£17.43,Three,In stock
book_87,The Last Mile (Amos Decker #2),Â£54.21,Two,In stock
book_88,The Immortal Life of Henrietta Lacks,Â£40.67,Two,In stock
book_89,The Hidden Oracle (The Trials of Apollo #1),Â£52.26,Two,In stock
book_90,The Help Yourself Cookbook for Kids: 60 Easy Plant-Based Recipes Kids Can Make to Stay Healthy and Save the Earth,Â£28.77,Three,In stock
book_91,The Guilty (Will Robie #4),Â£13.82,Two,In stock
book_92,The First Hostage (J.B. Collins #2),Â£25.85,Three,In stock
book_93,The Dovekeepers,Â£48.78,One,In stock
book_94,The Darkest Lie,Â£35.35,Five,In stock
book_95,The Bane Chronicles (The Bane Chronicles #1-11),Â£44.73,Four,In stock
book_96,The Bad-Ass Librarians of Timbuktu: And Their Race to Save the Worldâs Most Precious Manuscripts,Â£15.77,One,In stock
book_97,The 14th Colony (Cotton Malone #11),Â£39.24,One,In stock
book_98,That Darkness (Gardiner and Renner #1),Â£13.92,One,In stock
book_99,Tastes Like Fear (DI Marnie Rome #3),Â£10.69,One,In stock
book_100,Take Me with You,Â£45.21,Three,In stock
book_101,Swell: A Year of Waves,Â£45.58,One,In stock
book_102,Superman Vol. 1: Before Truth (Superman by Gene Luen Yang #1),Â£11.89,Five,In stock
book_103,Still Life with Bread Crumbs,Â£26.41,Three,In stock
book_104,Steve Jobs,Â£39.50,Five,In stock
book_105,Sorting the Beef from the Bull: The Science of Food Fraud Forensics,Â£44.74,Four,In stock
book_106,Someone Like You (The Harrisons #2),Â£52.79,Five,In stock
book_107,"So Cute It Hurts!!, Vol. 6 (So Cute It Hurts!! #6)",Â£35.43,Four,In stock
book_108,Shtum,Â£55.84,Four,In stock
book_109,See America: A Celebration of Our National Parks & Treasured Sites,Â£48.87,Three,In stock
book_110,salt.,Â£46.78,Four,In stock
book_111,Robin War,Â£47.82,Three,In stock
book_112,"Red Hood/Arsenal, Vol. 1: Open for Business (Red Hood/Arsenal #1)",Â£25.48,Two,In stock
book_113,Rain Fish,Â£23.57,Three,In stock
book_114,"Quarter Life Poetry: Poems for the Young, Broke and Hangry",Â£50.89,Five,In stock
book_115,Pet Sematary,Â£10.56,Three,In stock
book_116,"Overload: How to Unplug, Unwind, and Unleash Yourself from the Pressure of Stress",Â£52.15,Three,In stock
book_117,Once Was a Time,Â£18.28,Two,In stock
book_118,Old School (Diary of a Wimpy Kid #10),Â£11.83,Five,In stock
book_119,No Dream Is Too High: Life Lessons From a Man Who Walked on the Moon,Â£21.95,Two,In stock
book_120,"Naruto (3-in-1 Edition), Vol. 14: Includes Vols. 40, 41 & 42 (Naruto: Omnibus #14)",Â£38.39,Two,In stock
book_121,My Name Is Lucy Barton,Â£41.56,One,In stock
book_122,My Mrs. Brown,Â£24.48,Three,In stock
book_123,My Kind of Crazy,Â£40.36,One,In stock
book_124,Mr. Mercedes (Bill Hodges Trilogy #1),Â£28.90,One,In stock
book_125,More Than Music (Chasing the Dream #1),Â£37.61,Two,In stock
book_126,Made to Stick: Why Some Ideas Survive and Others Die,Â£38.85,Five,In stock
book_127,Luis Paints the World,Â£53.95,Three,In stock
book_128,Luckiest Girl Alive,Â£49.83,Three,In stock
book_129,Lowriders to the Center of the Earth (Lowriders in Space #2),Â£51.51,Two,In stock
book_130,Love Is a Mix Tape (Music #1),Â£18.03,One,In stock
book_131,Looking for Lovely: Collecting the Moments that Matter,Â£29.14,Five,In stock
book_132,"Living Leadership by Insight: A Good Leader Achieves, a Great Leader Builds Monuments",Â£46.91,Four,In stock
book_133,Let It Out: A Journey Through Journaling,Â£26.79,Five,In stock
book_134,Lady Midnight (The Dark Artifices #1),Â£16.28,Five,In stock
book_135,"It's All Easy: Healthy, Delicious Weeknight Meals in under 30 Minutes",Â£19.55,One,In stock
book_136,Island of Dragons (Unwanteds #7),Â£29.65,One,In stock
book_137,I Know What I'm Doing -- and Other Lies I Tell Myself: Dispatches from a Life Under Construction,Â£25.98,Four,In stock
book_138,I Am Pilgrim (Pilgrim #1),Â£10.60,Four,In stock
book_139,"Hyperbole and a Half: Unfortunate Situations, Flawed Coping Mechanisms, Mayhem, and Other Things That Happened",Â£14.75,Five,In stock
book_140,"Hush, Hush (Hush, Hush #1)",Â£47.02,Three,In stock
book_141,Hold Your Breath (Search and Rescue #1),Â£28.82,One,In stock
book_142,Hamilton: The Revolution,Â£58.79,Three,In stock
book_143,Greek Mythic History,Â£10.23,Five,In stock
book_144,God: The Most Unpleasant Character in All Fiction,Â£30.03,Five,In stock
book_145,Glory over Everything: Beyond The Kitchen House,Â£45.84,Three,In stock
book_146,Feathers: Displays of Brilliant Plumage,Â£49.05,Three,In stock
book_147,"Far & Away: Places on the Brink of Change: Seven Continents, Twenty-Five Years",Â£15.06,Four,In stock
book_148,Every Last Word,Â£46.47,Three,In stock
book_149,Eligible (The Austen Project #4),Â£27.09,Three,In stock
book_150,El Deafo,Â£57.62,Five,In stock
book_151,Eight Hundred Grapes,Â£14.39,Four,In stock
book_152,"Eaternity: More than 150 Deliciously Easy Vegan Recipes for a Long, Healthy, Satisfied, Joyful Life",Â£51.75,Five,In stock
book_153,"Eat Fat, Get Thin",Â£54.07,Two,In stock
book_154,Don't Get Caught,Â£55.35,One,In stock
book_155,Doctor Sleep (The Shining #2),Â£40.12,Two,In stock
book_156,Demigods & Magicians: Percy and Annabeth Meet the Kanes (Percy Jackson & Kane Chronicles Crossover #1-3),Â£37.51,Five,In stock
book_157,Dear Mr. Knightley,Â£11.21,Five,In stock
book_158,Daily Fantasy Sports,Â£36.58,One,In stock
book_159,Crazy Love: Overwhelmed by a Relentless God,Â£47.72,Two,In stock
book_160,Cometh the Hour (The Clifton Chronicles #6),Â£25.01,Three,In stock
book_161,Code Name Verity (Code Name Verity #1),Â£22.13,Four,In stock
book_162,Clockwork Angel (The Infernal Devices #1),Â£44.14,One,In stock
book_163,City of Glass (The Mortal Instruments #3),Â£56.02,Four,In stock
book_164,City of Fallen Angels (The Mortal Instruments #4),Â£11.23,Four,In stock
book_165,City of Bones (The Mortal Instruments #1),Â£43.28,One,In stock
book_166,City of Ashes (The Mortal Instruments #2),Â£47.27,One,In stock
book_167,Cell,Â£20.29,Four,In stock
book_168,Catching Jordan (Hundred Oaks),Â£50.83,Three,In stock
book_169,"Carry On, Warrior: Thoughts on Life Unarmed",Â£31.85,Three,In stock
book_170,Carrie,Â£46.23,Two,In stock
book_171,Buying In: The Secret Dialogue Between What We Buy and Who We Are,Â£37.80,Four,In stock
book_172,Brain on Fire: My Month of Madness,Â£49.32,Five,In stock
book_173,Batman: Europa,Â£32.01,Two,In stock
book_174,Barefoot Contessa Back to Basics,Â£28.01,One,In stock
book_175,Barefoot Contessa at Home: Everyday Recipes You'll Make Over and Over Again,Â£50.62,Five,In stock
book_176,Balloon Animals,Â£17.03,Three,In stock
book_177,Art Ops Vol. 1,Â£48.80,Three,In stock
book_178,Aristotle and Dante Discover the Secrets of the Universe (Aristotle and Dante Discover the Secrets of the Universe #1),Â£58.14,Four,In stock
book_179,Angels Walking (Angels Walking #1),Â£34.20,Two,In stock
book_180,Angels & Demons (Robert Langdon #1),Â£51.48,Three,In stock
book_181,All the Light We Cannot See,Â£29.87,Five,In stock
book_182,"Adulthood Is a Myth: A ""Sarah's Scribbles"" Collection",Â£10.90,Two,In stock
book_183,Abstract City,Â£56.37,Five,In stock
book_184,A Time of Torment (Charlie Parker #14),Â£48.35,Five,In stock
book_185,A Study in Scarlet (Sherlock Holmes #1),Â£16.73,Two,In stock
book_186,"A Series of Catastrophes and Miracles: A True Story of Love, Science, and Cancer",Â£56.48,Two,In stock
book_187,A People's History of the United States,Â£40.79,Two,In stock
book_188,A Man Called Ove,Â£39.72,One,In stock
book_189,A Distant Mirror: The Calamitous 14th Century,Â£14.58,Three,In stock
book_190,A Brush of Wings (Angels Walking #3),Â£55.51,One,In stock
book_191,1491: New Revelations of the Americas Before Columbus,Â£21.80,Three,In stock
book_192,"The Three Searches, Meaning, and the Story",Â£13.33,Three,In stock
book_193,Searching for Meaning in Gailana,Â£38.73,One,In stock
book_194,Rook,Â£37.86,Four,In stock
book_195,My Kitchen Year: 136 Recipes That Saved My Life,Â£11.53,Two,In stock
book_196,13 Hours: The Inside Account of What Really Happened In Benghazi,Â£27.06,One,In stock
book_197,Will You Won't You Want Me?,Â£13.86,Three,In stock
book_198,Tipping Point for Planet Earth: How Close Are We to the Edge?,Â£37.55,One,In stock
book_199,The Star-Touched Queen,Â£32.30,Five,In stock
book_200,The Silent Sister (Riley MacPherson #1),Â£46.29,Five,In stock
book_201,The Midnight Watch: A Novel of the Titanic and the Californian,Â£26.20,One,In stock
book_202,The Lonely City: Adventures in the Art of Being Alone,Â£33.26,Two,In stock
book_203,The Gray Rhino: How to Recognize and Act on the Obvious Dangers We Ignore,Â£59.15,Four,In stock
book_204,The Golden Condom: And Other Essays on Love Lost and Found,Â£39.43,One,In stock
book_205,The Epidemic (The Program 0.6),Â£14.44,Five,In stock
book_206,The Dinner Party,Â£56.54,Two,In stock
book_207,The Diary of a Young Girl,Â£59.90,Three,In stock
book_208,The Children,Â£11.88,Three,In stock
book_209,Stars Above (The Lunar Chronicles #4.5),Â£48.05,Two,In stock
book_210,Snatched: How A Drug Queen Went Undercover for the DEA and Was Kidnapped By Colombian Guerillas,Â£21.21,Three,In stock
book_211,Raspberry Pi Electronics Projects for the Evil Genius,Â£49.67,Four,In stock
book_212,Quench Your Own Thirst: Business Lessons Learned Over a Beer or Two,Â£43.14,One,In stock
book_213,Psycho: Sanitarium (Psycho #1.5),Â£36.97,Five,In stock
book_214,Poisonous (Max Revere Novels #3),Â£26.80,Three,In stock
book_215,One with You (Crossfire #5),Â£15.71,Four,In stock
book_216,No Love Allowed (Dodge Cove #1),Â£54.65,Four,In stock
book_217,Murder at the 42nd Street Library (Raymond Ambler #1),Â£54.36,Four,In stock
book_218,Most Wanted,Â£35.28,Three,In stock
book_219,"Love, Lies and Spies",Â£20.55,Two,In stock
book_220,How to Speak Golf: An Illustrated Guide to Links Lingo,Â£58.32,Five,In stock
book_221,In Her Wake,Â£12.84,One,In stock
book_222,How Music Works,Â£37.32,Two,In stock
book_223,"Foolproof Preserving: A Guide to Small Batch Jams, Jellies, Pickles, Condiments, and More: A Foolproof Guide to Making Small Batch Jams, Jellies, Pickles, Condiments, and More",Â£30.52,Three,In stock
book_224,Chase Me (Paris Nights #2),Â£25.27,Five,In stock
book_225,Black Dust,Â£34.53,Five,In stock
book_226,Birdsong: A Story in Pictures,Â£54.64,Three,In stock
book_227,America's Cradle of Quarterbacks: Western Pennsylvania's Football Factory from Johnny Unitas to Joe Montana,Â£22.50,Three,In stock
book_228,Aladdin and His Wonderful Lamp,Â£53.13,Three,In stock
book_229,Worlds Elsewhere: Journeys Around Shakespeareâs Globe,Â£40.30,Five,In stock
book_230,Wall and Piece,Â£44.18,Four,In stock
book_231,The Four Agreements: A Practical Guide to Personal Freedom,Â£17.66,Five,In stock
book_232,The Five Love Languages: How to Express Heartfelt Commitment to Your Mate,Â£31.05,Three,In stock
book_233,The Elephant Tree,Â£23.82,Five,In stock
book_234,The Bear and the Piano,Â£36.89,One,In stock
book_235,Sophie's World,Â£15.94,Five,In stock
book_236,Penny Maybe,Â£33.29,Three,In stock
book_237,Maude (1883-1993):She Grew Up with the country,Â£18.02,Two,In stock
book_238,"In a Dark, Dark Wood",Â£19.63,One,In stock
book_239,Behind Closed Doors,Â£52.22,Four,In stock
book_240,You can't bury them all: Poems,Â£33.63,Two,In stock
book_241,Hide Away (Eve Duncan #20),Â£11.84,One,In stock
book_242,Furiously Happy: A Funny Book About Horrible Things,Â£41.46,Four,In stock
book_243,Everyday Italian: 125 Simple and Delicious Recipes,Â£20.10,Five,In stock
book_244,Equal Is Unfair: America's Misguided Fight Against Income Inequality,Â£56.86,One,In stock
book_245,Eleanor & Park,Â£56.51,Five,In stock
book_246,Dirty (Dive Bar #1),Â£40.83,Four,In stock
book_247,Can You Keep a Secret? (Fear Street Relaunch #4),Â£48.64,One,In stock
book_248,Boar Island (Anna Pigeon #19),Â£59.48,Three,In stock
book_249,A Paris Apartment,Â£39.01,Four,In stock
book_250,"A la Mode: 120 Recipes in 60 Pairings: Pies, Tarts, Cakes, Crisps, and More Topped with Ice Cream, Gelato, Frozen Custard, and More",Â£38.77,One,In stock
book_251,Troublemaker: Surviving Hollywood and Scientology,Â£48.39,Two,In stock
book_252,The Widow,Â£27.26,Two,In stock
book_253,"The Sleep Revolution: Transforming Your Life, One Night at a Time",Â£11.68,Four,In stock
book_254,The Improbability of Love,Â£59.45,One,In stock
book_255,The Art of Startup Fundraising,Â£21.00,Three,In stock
book_256,Take Me Home Tonight (Rock Star Romance #3),Â£53.98,Three,In stock
book_257,Sleeping Giants (Themis Files #1),Â£48.74,One,In stock
book_258,"Setting the World on Fire: The Brief, Astonishing Life of St. Catherine of Siena",Â£21.15,Two,In stock
book_259,Playing with Fire,Â£13.71,Three,In stock
book_260,Off the Hook (Fishing for Trouble #1),Â£47.67,Three,In stock
book_261,Mothering Sunday,Â£13.34,Two,In stock
book_262,"Mother, Can You Not?",Â£16.89,Five,In stock
book_263,M Train,Â£27.18,One,In stock
book_264,Lilac Girls,Â£17.28,Two,In stock
book_265,Lies and Other Acts of Love,Â£45.14,One,In stock
book_266,Lab Girl,Â£40.85,One,In stock
book_267,Keep Me Posted,Â£20.46,Four,In stock
book_268,It Didn't Start with You: How Inherited Family Trauma Shapes Who We Are and How to End the Cycle,Â£56.27,Three,In stock
book_269,Grey (Fifty Shades #4),Â£48.49,Four,In stock
book_270,"Exit, Pursued by a Bear",Â£51.34,Four,In stock
book_271,Daredevils,Â£16.34,Three,In stock
book_272,Cravings: Recipes for What You Want to Eat,Â£20.50,Three,In stock
book_273,Born for This: How to Find the Work You Were Meant to Do,Â£21.59,Five,In stock
book_274,Arena,Â£21.36,Four,In stock
book_275,Adultery,Â£20.88,Five,In stock
book_276,A Mother's Reckoning: Living in the Aftermath of Tragedy,Â£19.53,Three,In stock
book_277,A Gentleman's Position (Society of Gentlemen #3),Â£14.75,Five,In stock
book_278,11/22/63,Â£48.48,Three,In stock
book_279,"10% Happier: How I Tamed the Voice in My Head, Reduced Stress Without Losing My Edge, and Found Self-Help That Actually Works",Â£24.57,Two,In stock
book_280,10-Day Green Smoothie Cleanse: Lose Up to 15 Pounds in 10 Days!,Â£49.71,Five,In stock
book_281,Without Shame,Â£48.27,Five,In stock
book_282,Watchmen,Â£58.05,Four,In stock
book_283,Unlimited Intuition Now,Â£58.87,Four,In stock
book_284,Underlying Notes,Â£11.82,Two,In stock
book_285,The Shack,Â£28.03,One,In stock
book_286,The New Brand You: Your New Image Makes the Sale for You,Â£44.05,Five,In stock
book_287,"The Moosewood Cookbook: Recipes from Moosewood Restaurant, Ithaca, New York",Â£12.34,Four,In stock
book_288,The Flowers Lied,Â£16.68,Two,In stock
book_289,"The Fabric of the Cosmos: Space, Time, and the Texture of Reality",Â£55.91,One,In stock
book_290,The Book of Mormon,Â£24.57,Three,In stock
book_291,The Art and Science of Low Carbohydrate Living,Â£52.98,Five,In stock
book_292,The Alien Club,Â£54.40,One,In stock
book_293,Suzie Snowflake: One beautiful flake (a self-esteem story),Â£54.81,Five,In stock
book_294,Nap-a-Roo,Â£25.08,One,In stock
book_295,"NaNo What Now? Finding your editing process, revising your NaNoWriMo book and building a writing career through publishing and beyond",Â£10.41,Four,In stock
book_296,Modern Day Fables,Â£47.44,Two,In stock
book_297,If I Gave You God's Phone Number....: Searching for Spirituality in America,Â£20.91,One,In stock
book_298,"Fruits Basket, Vol. 9 (Fruits Basket #9)",Â£33.95,Four,In stock
book_299,Dress Your Family in Corduroy and Denim,Â£43.68,Three,In stock
book_300,Don't Forget Steven,Â£33.23,One,In stock
book_301,Chernobyl 01:23:40: The Incredible True Story of the World's Worst Nuclear Disaster,Â£35.92,Two,In stock
book_302,Art and Fear: Observations on the Perils (and Rewards) of Artmaking,Â£48.63,Four,In stock
book_303,A Shard of Ice (The Black Symphony Saga #1),Â£56.63,Three,In stock
book_304,A Hero's Curse (The Unseen Chronicles #1),Â£50.49,Three,In stock
book_305,23 Degrees South: A Tropical Tale of Changing Whether...,Â£35.79,Two,In stock
book_306,"Zero to One: Notes on Startups, or How to Build the Future",Â£34.06,Three,In stock
book_307,Why Not Me?,Â£17.76,One,In stock
book_308,When Breath Becomes Air,Â£39.36,Two,In stock
book_309,Vagabonding: An Uncommon Guide to the Art of Long-Term World Travel,Â£36.94,Two,In stock
book_310,The Unlikely Pilgrimage of Harold Fry (Harold Fry #1),Â£43.62,Five,In stock
book_311,The New Drawing on the Right Side of the Brain,Â£43.02,Three,In stock
book_312,"The Midnight Assassin: Panic, Scandal, and the Hunt for America's First Serial Killer",Â£28.45,Four,In stock
book_313,The Martian (The Martian #1),Â£41.39,Two,In stock
book_314,The High Mountains of Portugal,Â£51.15,One,In stock
book_315,The Grownup,Â£35.88,One,In stock
book_316,The E-Myth Revisited: Why Most Small Businesses Don't Work and What to Do About It,Â£36.91,One,In stock
book_317,South of Sunshine,Â£28.93,One,In stock
book_318,Smarter Faster Better: The Secrets of Being Productive in Life and Business,Â£38.89,Five,In stock
book_319,Silence in the Dark (Logan Point #4),Â£58.33,Three,In stock
book_320,Shadows of the Past (Logan Point #1),Â£39.67,Five,In stock
book_321,Roller Girl,Â£14.10,Five,In stock
book_322,Rising Strong,Â£21.82,Three,In stock
book_323,Proofs of God: Classical Arguments from Tertullian to Barth,Â£54.21,One,In stock
book_324,Please Kill Me: The Uncensored Oral History of Punk,Â£31.19,Four,In stock
book_325,Out of Print: City Lights Spotlight No. 14,Â£53.64,Five,In stock
book_326,My Life Next Door (My Life Next Door ),Â£36.39,Five,In stock
book_327,Miller's Valley,Â£58.54,Two,In stock
book_328,Man's Search for Meaning,Â£29.48,Three,In stock
book_329,"Love That Boy: What Two Presidents, Eight Road Trips, and My Son Taught Me About a Parent's Expectations",Â£25.06,Two,In stock
book_330,Living Forward: A Proven Plan to Stop Drifting and Get the Life You Want,Â£12.55,Three,In stock
book_331,Les Fleurs du Mal,Â£29.04,Five,In stock
book_332,Left Behind (Left Behind #1),Â£40.72,Two,In stock
book_333,Kill 'Em and Leave: Searching for James Brown and the American Soul,Â£45.05,Five,In stock
book_334,Kierkegaard: A Christian Missionary to Christians,Â£47.13,One,In stock
book_335,John Vassos: Industrial Design for Modern Life,Â£20.22,Four,In stock
book_336,I'll Give You the Sun,Â£56.48,One,In stock
book_337,I Will Find You,Â£44.21,One,In stock
book_338,Hystopia: A Novel,Â£21.96,Four,In stock
book_339,Howl and Other Poems,Â£40.45,Two,In stock
book_340,History of Beauty,Â£10.29,Four,In stock
book_341,Heaven is for Real: A Little Boy's Astounding Story of His Trip to Heaven and Back,Â£52.86,Two,In stock
book_342,Future Shock (Future Shock #1),Â£55.65,Five,In stock
book_343,Ender's Game (The Ender Quintet #1),Â£43.64,One,In stock
book_344,Diary of a Citizen Scientist: Chasing Tiger Beetles and Other New Ways of Engaging the World,Â£28.41,One,In stock
book_345,Death by Leisure: A Cautionary Tale,Â£37.51,Four,In stock
book_346,Brilliant Beacons: A History of the American Lighthouse,Â£11.45,Three,In stock
book_347,Brazen: The Courage to Find the You That's Been Hiding,Â£19.22,Two,In stock
book_348,Between the World and Me,Â£56.91,Four,In stock
book_349,Being Mortal: Medicine and What Matters in the End,Â£55.06,Four,In stock
book_350,"A Murder Over a Girl: Justice, Gender, Junior High",Â£13.20,Three,In stock
book_351,32 Yolks,Â£53.63,Two,In stock
book_352,"""Most Blessed of the Patriarchs"": Thomas Jefferson and the Empire of the Imagination",Â£44.48,Five,In stock
book_353,You Are a Badass: How to Stop Doubting Your Greatness and Start Living an Awesome Life,Â£12.08,Three,In stock
book_354,Wildlife of New York: A Five-Borough Coloring Book,Â£22.14,Two,In stock
book_355,What Happened on Beale Street (Secrets of the South Mysteries #2),Â£25.37,Five,In stock
book_356,Unreasonable Hope: Finding Faith in the God Who Brings Purpose to Your Pain,Â£46.33,Two,In stock
book_357,Under the Tuscan Sun,Â£37.33,Three,In stock
book_358,Toddlers Are A**holes: It's Not Your Fault,Â£25.55,One,In stock
book_359,The Year of Living Biblically: One Man's Humble Quest to Follow the Bible as Literally as Possible,Â£34.72,One,In stock
book_360,The Whale,Â£35.96,Four,In stock
book_361,The Story of Art,Â£41.14,Four,In stock
book_362,The Origin of Species,Â£10.01,Four,In stock
book_363,The Great Gatsby,Â£36.05,Four,In stock
book_364,The Good Girl,Â£49.03,Three,In stock
book_365,The Glass Castle,Â£16.24,One,In stock
book_366,The Faith of Christopher Hitchens: The Restless Soul of the World's Most Notorious Atheist,Â£39.55,One,In stock
book_367,The Drowning Girls,Â£35.67,Three,In stock
book_368,The Constant Princess (The Tudor Court #1),Â£16.62,Three,In stock
book_369,The Bourne Identity (Jason Bourne #1),Â£42.78,Four,In stock
book_370,The Bachelor Girl's Guide to Murder (Herringford and Watts Mysteries #1),Â£52.30,Five,In stock
book_371,The Art Book,Â£32.34,Two,In stock
book_372,The 7 Habits of Highly Effective People: Powerful Lessons in Personal Change,Â£33.17,Four,In stock
book_373,Team of Rivals: The Political Genius of Abraham Lincoln,Â£20.12,Five,In stock
book_374,Steal Like an Artist: 10 Things Nobody Told You About Being Creative,Â£20.90,Two,In stock
book_375,"Sit, Stay, Love",Â£20.90,Three,In stock
book_376,Sister Dear,Â£40.20,Four,In stock
book_377,"Shrunken Treasures: Literary Classics, Short, Sweet, and Silly",Â£52.87,Three,In stock
book_378,"Rich Dad, Poor Dad",Â£51.74,One,In stock
book_379,Raymie Nightingale,Â£34.41,Two,In stock
book_380,Playing from the Heart,Â£32.38,One,In stock
book_381,Nightstruck: A Novel,Â£50.35,Four,In stock
book_382,"Naturally Lean: 125 Nourishing Gluten-Free, Plant-Based Recipes--All Under 300 Calories",Â£11.38,Five,In stock
book_383,Meternity,Â£43.58,Three,In stock
book_384,Memoirs of a Geisha,Â£49.67,Three,In stock
book_385,Like Never Before (Walker Family #2),Â£28.77,Two,In stock
book_386,Life of Pi,Â£13.22,Four,In stock
book_387,Leave This Song Behind: Teen Poetry at Its Best,Â£51.17,Five,In stock
book_388,King's Folly (The Kinsman Chronicles #1),Â£39.61,Five,In stock
book_389,John Adams,Â£57.43,Four,In stock
book_390,How to Cook Everything Vegetarian: Simple Meatless Recipes for Great Food (How to Cook Everything),Â£46.01,Four,In stock
book_391,How to Be a Domestic Goddess: Baking and the Art of Comfort Cooking,Â£28.25,Two,In stock
book_392,Good in Bed (Cannie Shapiro #1),Â£37.05,Five,In stock
book_393,"Fruits Basket, Vol. 7 (Fruits Basket #7)",Â£19.57,One,In stock
book_394,For the Love: Fighting for Grace in a World of Impossible Standards,Â£45.13,Three,In stock
book_395,Finding God in the Ruins: How God Redeems Pain,Â£46.64,Two,In stock
book_396,Every Heart a Doorway (Every Heart A Doorway #1),Â£12.16,Five,In stock
book_397,Delivering the Truth (Quaker Midwife Mystery #1),Â£20.89,Four,In stock
book_398,Counted With the Stars (Out from Egypt #1),Â£17.97,Five,In stock
book_399,"Chronicles, Vol. 1",Â£52.60,Two,In stock
book_400,Blue Like Jazz: Nonreligious Thoughts on Christian Spirituality,Â£25.77,One,In stock
book_401,Benjamin Franklin: An American Life,Â£48.19,Three,In stock
book_402,"At The Existentialist CafÃ©: Freedom, Being, and apricot cocktails with: Jean-Paul Sartre, Simone de Beauvoir, Albert Camus, Martin Heidegger, Edmund Husserl, Karl Jaspers, Maurice Merleau-Ponty and others",Â£29.93,Five,In stock
book_403,A Summer In Europe,Â£44.34,Two,In stock
book_404,A Short History of Nearly Everything,Â£52.40,Five,In stock
book_405,A Gathering of Shadows (Shades of Magic #2),Â£44.81,Four,In stock
book_406,The Sound Of Love,Â£57.84,Five,In stock
book_407,The Rise and Fall of the Third Reich: A History of Nazi Germany,Â£39.67,Two,In stock
book_408,The Perks of Being a Wallflower,Â£55.02,Three,In stock
book_409,The Mysterious Affair at Styles (Hercule Poirot #1),Â£24.80,Four,In stock
book_410,The Man Who Mistook His Wife for a Hat and Other Clinical Tales,Â£59.45,Four,In stock
book_411,The Makings of a Fatherless Child,Â£31.58,Two,In stock
book_412,The Joy of Cooking,Â£43.27,Four,In stock
book_413,The Invention of Wings,Â£37.34,One,In stock
book_414,The Hobbit (Middle-Earth Universe),Â£17.80,Five,In stock
book_415,The Great Railway Bazaar,Â£30.54,One,In stock
book_416,The Golden Compass (His Dark Materials #1),Â£18.77,One,In stock
book_417,The God Delusion,Â£46.85,Three,In stock
book_418,The Girl You Left Behind (The Girl You Left Behind #1),Â£15.79,One,In stock
book_419,The Fellowship of the Ring (The Lord of the Rings #1),Â£10.27,Two,In stock
book_420,The Collected Poems of W.B. Yeats (The Collected Works of W.B. Yeats #1),Â£15.42,Five,In stock
book_421,The Barefoot Contessa Cookbook,Â£59.92,Five,In stock
book_422,Tell the Wolves I'm Home,Â£50.96,Two,In stock
book_423,Ship Leaves Harbor: Essays on Travel by a Recovering Journeyman,Â£30.60,Three,In stock
book_424,Pride and Prejudice,Â£19.27,Four,In stock
book_425,Musicophilia: Tales of Music and the Brain,Â£46.58,One,In stock
book_426,Mere Christianity,Â£48.51,Three,In stock
book_427,Me Before You (Me Before You #1),Â£19.02,One,In stock
book_428,In the Woods (Dublin Murder Squad #1),Â£38.38,Two,In stock
book_429,In Cold Blood,Â£49.98,Four,In stock
book_430,How to Stop Worrying and Start Living,Â£46.49,Five,In stock
book_431,Give It Back,Â£18.32,Two,In stock
book_432,"Girl, Interrupted",Â£42.14,Three,In stock
book_433,Fun Home: A Family Tragicomic,Â£56.59,Four,In stock
book_434,"Fruits Basket, Vol. 6 (Fruits Basket #6)",Â£20.96,Four,In stock
book_435,Deception Point,Â£40.32,Four,In stock
book_436,"Death Note, Vol. 6: Give-and-Take (Death Note #6)",Â£36.39,Three,In stock
book_437,Catherine the Great: Portrait of a Woman,Â£58.55,Four,In stock
book_438,Better Homes and Gardens New Cook Book,Â£39.61,Three,In stock
book_439,An Unquiet Mind: A Memoir of Moods and Madness,Â£21.30,Three,In stock
book_440,A Year in Provence (Provence #1),Â£56.88,Four,In stock
book_441,Slow States of Collapse: Poems,Â£57.31,Three,In stock
book_442,Reasons to Stay Alive,Â£26.41,Two,In stock
book_443,Private Paris (Private #10),Â£47.61,Five,In stock
book_444,#HigherSelfie: Wake Up Your Life. Free Your Soul. Find Your Tribe.,Â£23.11,Five,In stock
book_445,Without Borders (Wanderlove #1),Â£45.07,Two,In stock
book_446,When We Collided,Â£31.77,One,In stock
book_447,"We Love You, Charlie Freeman",Â£50.27,Five,In stock
book_448,Untitled Collection: Sabbath Poems 2014,Â£14.27,Four,In stock
book_449,"Unseen City: The Majesty of Pigeons, the Discreet Charm of Snails & Other Wonders of the Urban Wilderness",Â£44.18,Four,In stock
book_450,Unicorn Tracks,Â£18.78,Three,In stock
book_451,"Unbound: How Eight Technologies Made Us Human, Transformed Society, and Brought Our World to the Brink",Â£25.52,One,In stock
book_452,Tsubasa: WoRLD CHRoNiCLE 2 (Tsubasa WoRLD CHRoNiCLE #2),Â£16.28,One,In stock
book_453,Throwing Rocks at the Google Bus: How Growth Became the Enemy of Prosperity,Â£31.12,Three,In stock
book_454,This One Summer,Â£19.49,Four,In stock
book_455,Thirst,Â£17.27,Five,In stock
book_456,The Torch Is Passed: A Harding Family Story,Â£19.09,One,In stock
book_457,The Secret of Dreadwillow Carse,Â£56.13,One,In stock
book_458,"The Pioneer Woman Cooks: Dinnertime: Comfort Classics, Freezer Food, 16-Minute Meals, and Other Delicious Ways to Solve Supper!",Â£56.41,One,In stock
book_459,The Past Never Ends,Â£56.50,Four,In stock
book_460,The Natural History of Us (The Fine Art of Pretending #2),Â£45.22,Three,In stock
book_461,World Without End (The Pillars of the Earth #2),Â£32.97,Four,In stock
book_462,"Will Grayson, Will Grayson (Will Grayson, Will Grayson)",Â£47.31,Four,In stock
book_463,Why Save the Bankers?: And Other Essays on Our Economic and Political Crisis,Â£48.67,Two,In stock
book_464,Where She Went (If I Stay #2),Â£41.73,Four,In stock
book_465,What If?: Serious Scientific Answers to Absurd Hypothetical Questions,Â£53.68,Four,In stock
book_466,Two Summers,Â£14.64,One,In stock
book_467,This Is Your Brain on Music: The Science of a Human Obsession,Â£38.40,One,In stock
book_468,The Secret Garden,Â£15.08,Four,In stock
book_469,The Raven King (The Raven Cycle #4),Â£30.57,Two,In stock
book_470,The Raven Boys (The Raven Cycle #1),Â£57.74,Four,In stock
book_471,The Power Greens Cookbook: 140 Delicious Superfood Recipes,Â£11.05,Five,In stock
book_472,The Metamorphosis,Â£28.58,One,In stock
book_473,The Mathews Men: Seven Brothers and the War Against Hitler's U-boats,Â£42.91,Five,In stock
book_474,The Little Paris Bookshop,Â£24.73,Three,In stock
book_475,The Hiding Place,Â£55.91,Four,In stock
book_476,The Grand Design,Â£13.76,Three,In stock
book_477,The Firm,Â£45.56,Three,In stock
book_478,The Fault in Our Stars,Â£47.22,One,In stock
book_479,The False Prince (The Ascendance Trilogy #1),Â£56.00,Five,In stock
book_480,The Expatriates,Â£44.58,Two,In stock
book_481,The Dream Thieves (The Raven Cycle #2),Â£34.50,One,In stock
book_482,The Darkest Corners,Â£11.33,Five,In stock
book_483,The Crossover,Â£38.77,Four,In stock
book_484,The 5th Wave (The 5th Wave #1),Â£11.83,Two,In stock
book_485,Tell the Wind and Fire,Â£45.51,Three,In stock
book_486,Tell Me Three Things,Â£41.81,One,In stock
book_487,Talking to Girls About Duran Duran: One Young Man's Quest for True Love and a Cooler Haircut,Â£25.15,Four,In stock
book_488,Siddhartha,Â£34.22,Five,In stock
book_489,Shiver (The Wolves of Mercy Falls #1),Â£16.23,Five,In stock
book_490,Remember Me?,Â£11.48,Three,In stock
book_491,Red Dragon (Hannibal Lecter #1),Â£23.37,Three,In stock
book_492,Peak: Secrets from the New Science of Expertise,Â£16.28,Two,In stock
book_493,My Mother Was Nuts,Â£31.63,Four,In stock
book_494,Mexican Today: New and Rediscovered Recipes for Contemporary Kitchens,Â£24.91,Five,In stock
book_495,Maybe Something Beautiful: How Art Transformed a Neighborhood,Â£22.54,One,In stock
book_496,Lola and the Boy Next Door (Anna and the French Kiss #2),Â£23.63,Four,In stock
book_497,Logan Kade (Fallen Crest High #5.5),Â£13.12,Two,In stock
book_498,Last One Home (New Beginnings #1),Â£59.98,Three,In stock
book_499,Killing Floor (Jack Reacher #1),Â£31.49,Four,In stock
book_500,Kill the Boy Band,Â£15.52,Five,In stock
book_501,Isla and the Happily Ever After (Anna and the French Kiss #3),Â£48.13,Five,In stock
book_502,If I Stay (If I Stay #1),Â£38.13,Five,In stock
book_503,I Know Why the Caged Bird Sings (Maya Angelou's Autobiography #1),Â£36.55,Two,In stock
book_504,Harry Potter and the Deathly Hallows (Harry Potter #7),Â£23.32,One,In stock
book_505,"Fruits Basket, Vol. 5 (Fruits Basket #5)",Â£16.33,One,In stock
book_506,Foundation (Foundation (Publication Order) #1),Â£32.42,One,In stock
book_507,Fool Me Once,Â£16.96,One,In stock
book_508,Find Her (Detective D.D. Warren #8),Â£22.37,One,In stock
book_509,Evicted: Poverty and Profit in the American City,Â£42.27,One,In stock
book_510,Drama,Â£38.70,Two,In stock
book_511,Dracula the Un-Dead,Â£35.63,Five,In stock
book_512,Digital Fortress,Â£58.00,Five,In stock
book_513,"Death Note, Vol. 5: Whiteout (Death Note #5)",Â£52.41,One,In stock
book_514,"Data, A Love Story: How I Gamed Online Dating to Meet My Match",Â£32.35,Three,In stock
book_515,Critique of Pure Reason,Â£20.75,One,In stock
book_516,Booked,Â£17.49,Five,In stock
book_517,"Blue Lily, Lily Blue (The Raven Cycle #3)",Â£34.13,Five,In stock
book_518,Approval Junkie: Adventures in Caring Too Much,Â£58.81,Five,In stock
book_519,An Abundance of Katherines,Â£10.00,Five,In stock
book_520,America's War for the Greater Middle East: A Military History,Â£51.22,Two,In stock
book_521,Alight (The Generations Trilogy #2),Â£58.59,Four,In stock
book_522,A Girl's Guide to Moving On (New Beginnings #2),Â£31.30,One,In stock
book_523,A Game of Thrones (A Song of Ice and Fire #1),Â£46.42,Two,In stock
book_524,A Feast for Crows (A Song of Ice and Fire #4),Â£17.21,Four,In stock
book_525,A Clash of Kings (A Song of Ice and Fire #2),Â£10.79,Three,In stock
book_526,Vogue Colors A to Z: A Fashion Coloring Book,Â£52.35,Four,In stock
book_527,The Shining (The Shining #1),Â£27.88,Three,In stock
book_528,The Pilgrim's Progress,Â£50.26,Two,In stock
book_529,The Perfect Play (Play by Play #1),Â£59.99,Three,In stock
book_530,The Passion of Dolssa,Â£28.32,Five,In stock
book_531,The Jazz of Physics: The Secret Link Between Music and the Structure of the Universe,Â£38.71,Three,In stock
book_532,The Hunger Games (The Hunger Games #1),Â£29.85,Five,In stock
book_533,The Hound of the Baskervilles (Sherlock Holmes #5),Â£14.82,Two,In stock
book_534,The Gunning of America: Business and the Making of American Gun Culture,Â£16.81,Four,In stock
book_535,The Geography of Bliss: One Grump's Search for the Happiest Places in the World,Â£28.23,Two,In stock
book_536,The Demonists (Demonist #1),Â£52.11,Two,In stock
book_537,"The Demon Prince of Momochi House, Vol. 4 (The Demon Prince of Momochi House #4)",Â£27.88,Two,In stock
book_538,The Bone Hunters (Lexy Vaughan & Steven Macaulay #2),Â£59.71,Three,In stock
book_539,The Beast (Black Dagger Brotherhood #14),Â£46.08,Five,In stock
book_540,Some Women,Â£13.73,Five,In stock
book_541,Shopaholic Ties the Knot (Shopaholic #3),Â£48.39,Five,In stock
book_542,Paper and Fire (The Great Library #2),Â£49.45,Five,In stock
book_543,Outlander (Outlander #1),Â£19.67,Five,In stock
book_544,"Orchestra of Exiles: The Story of Bronislaw Huberman, the Israel Philharmonic, and the One Thousand Jews He Saved from Nazi Horrors",Â£12.36,Three,In stock
book_545,No One Here Gets Out Alive,Â£20.02,Five,In stock
book_546,Night Shift (Night Shift #1-20),Â£12.75,Four,In stock
book_547,Needful Things,Â£47.51,Four,In stock
book_548,Mockingjay (The Hunger Games #3),Â£20.44,Four,In stock
book_549,Misery,Â£34.79,Two,In stock
book_550,Little Women (Little Women #1),Â£28.07,Four,In stock
book_551,It,Â£25.01,Three,In stock
book_552,Harry Potter and the Sorcerer's Stone (Harry Potter #1),Â£13.90,Three,In stock
book_553,Harry Potter and the Prisoner of Azkaban (Harry Potter #3),Â£24.17,Four,In stock
book_554,Harry Potter and the Order of the Phoenix (Harry Potter #5),Â£31.63,Four,In stock
book_555,Harry Potter and the Half-Blood Prince (Harry Potter #6),Â£48.75,Five,In stock
book_556,Harry Potter and the Chamber of Secrets (Harry Potter #2),Â£14.74,One,In stock
book_557,Gone with the Wind,Â£32.49,Three,In stock
book_558,God Is Not Great: How Religion Poisons Everything,Â£27.80,One,In stock
book_559,Girl With a Pearl Earring,Â£26.77,One,In stock
book_560,"Fruits Basket, Vol. 4 (Fruits Basket #4)",Â£50.44,Four,In stock
book_561,Far From True (Promise Falls Trilogy #2),Â£34.93,Two,In stock
book_562,Dark Lover (Black Dagger Brotherhood #1),Â£12.87,One,In stock
book_563,Confessions of a Shopaholic (Shopaholic #1),Â£48.94,Two,In stock
book_564,Changing the Game (Play by Play #2),Â£13.38,Three,In stock
book_565,Candide,Â£58.63,Three,In stock
book_566,Can You Keep a Secret?,Â£21.94,One,In stock
book_567,Atlas Shrugged,Â£26.58,Five,In stock
book_568,Animal Farm,Â£57.22,Three,In stock
book_569,A Walk to Remember,Â£56.43,One,In stock
book_570,A New Earth: Awakening to Your Life's Purpose,Â£55.65,Five,In stock
book_571,"A History of God: The 4,000-Year Quest of Judaism, Christianity, and Islam",Â£27.62,One,In stock
book_572,'Salem's Lot,Â£49.56,Four,In stock
book_573,Zero History (Blue Ant #3),Â£34.77,One,In stock
book_574,Wuthering Heights,Â£17.73,Three,In stock
book_575,World War Z: An Oral History of the Zombie War,Â£21.80,One,In stock
book_576,Wild: From Lost to Found on the Pacific Crest Trail,Â£46.02,Three,In stock
book_577,"Where'd You Go, Bernadette",Â£18.13,One,In stock
book_578,When You Are Engulfed in Flames,Â£30.89,Five,In stock
book_579,We the People: The Modern-Day Figures Who Have Reshaped and Affirmed the Founding Fathers' Vision of America,Â£31.95,Three,In stock
book_580,We Are All Completely Beside Ourselves,Â£24.04,One,In stock
book_581,Walk the Edge (Thunder Road #2),Â£32.36,Three,In stock
book_582,Voyager (Outlander #3),Â£21.07,Five,In stock
book_583,Very Good Lives: The Fringe Benefits of Failure and the Importance of Imagination,Â£50.66,Three,In stock
book_584,Vegan Vegetarian Omnivore: Dinner for Everyone at the Table,Â£13.66,Two,In stock
book_585,"Unstuffed: Decluttering Your Home, Mind, and Soul",Â£58.09,One,In stock
book_586,Under the Banner of Heaven: A Story of Violent Faith,Â£30.00,One,In stock
book_587,Two Boys Kissing,Â£32.74,Two,In stock
book_588,Twilight (Twilight #1),Â£41.93,Two,In stock
book_589,Twenties Girl,Â£42.80,Two,In stock
book_590,"Trespassing Across America: One Man's Epic, Never-Done-Before (and Sort of Illegal) Hike Across the Heartland",Â£53.51,One,In stock
book_591,Three-Martini Lunch,Â£23.21,Three,In stock
book_592,"Thinking, Fast and Slow",Â£21.14,One,In stock
book_593,The Wild Robot,Â£56.07,Three,In stock
book_594,"The Wicked + The Divine, Vol. 3: Commercial Suicide (The Wicked + The Divine)",Â£14.41,Three,In stock
book_595,The Undomestic Goddess,Â£45.75,Four,In stock
book_596,The Travelers,Â£15.77,One,In stock
book_597,The Tipping Point: How Little Things Can Make a Big Difference,Â£10.02,Two,In stock
book_598,The Thing About Jellyfish,Â£48.77,One,In stock
book_599,The Stand,Â£57.86,Two,In stock
book_600,The Smitten Kitchen Cookbook,Â£23.59,One,In stock
book_601,The Silkworm (Cormoran Strike #2),Â£23.05,Five,In stock
book_602,"The Sandman, Vol. 3: Dream Country (The Sandman (volumes) #3)",Â£55.55,Five,In stock
book_603,The Rose & the Dagger (The Wrath and the Dawn #2),Â£58.64,Four,In stock
book_604,The Road to Little Dribbling: Adventures of an American in Britain (Notes From a Small Island #2),Â£23.21,One,In stock
book_605,The Rise of Theodore Roosevelt (Theodore Roosevelt #1),Â£42.57,Three,In stock
book_606,The Restaurant at the End of the Universe (Hitchhiker's Guide to the Galaxy #2),Â£10.92,One,In stock
book_607,The Rest Is Noise: Listening to the Twentieth Century,Â£34.77,One,In stock
book_608,The Red Tent,Â£35.66,Five,In stock
book_609,The Purpose Driven Life: What on Earth Am I Here for?,Â£37.19,Three,In stock
book_610,The Purest Hook (Second Circle Tattoos #3),Â£12.25,One,In stock
book_611,The Picture of Dorian Gray,Â£29.70,Two,In stock
book_612,The Paris Wife,Â£36.80,Three,In stock
book_613,The Obsession,Â£45.43,One,In stock
book_614,The Nightingale,Â£26.26,Four,In stock
book_615,The New Guy (and Other Senior Year Distractions),Â£44.92,Three,In stock
book_616,The Nanny Diaries (Nanny #1),Â£52.53,Five,In stock
book_617,The Name of God is Mercy,Â£37.25,Two,In stock
book_618,The Maze Runner (The Maze Runner #1),Â£20.93,One,In stock
book_619,The Lover's Dictionary,Â£58.09,Two,In stock
book_620,The Lonely Ones,Â£43.59,Five,In stock
book_621,The Lean Startup: How Today's Entrepreneurs Use Continuous Innovation to Create Radically Successful Businesses,Â£33.92,Three,In stock
book_622,The Last Painting of Sara de Vos,Â£55.55,Two,In stock
book_623,"The Land of 10,000 Madonnas",Â£29.64,Four,In stock
book_624,The Infinities,Â£27.41,One,In stock
book_625,The Husband's Secret,Â£52.51,Five,In stock
book_626,The Hitchhiker's Guide to the Galaxy (Hitchhiker's Guide to the Galaxy #1),Â£47.80,Three,In stock
book_627,The Guns of August,Â£14.54,Two,In stock
book_628,The Guernsey Literary and Potato Peel Pie Society,Â£49.53,One,In stock
book_629,The Goldfinch,Â£43.58,Three,In stock
book_630,The Giver (The Giver Quartet #1),Â£12.30,One,In stock
book_631,The Girl with All the Gifts,Â£49.47,Three,In stock
book_632,The Girl Who Played with Fire (Millennium Trilogy #2),Â£22.14,Two,In stock
book_633,The Girl Who Kicked the Hornet's Nest (Millennium Trilogy #3),Â£57.48,One,In stock
book_634,The Exiled,Â£43.45,Three,In stock
book_635,"The End of Faith: Religion, Terror, and the Future of Reason",Â£22.13,Four,In stock
book_636,"The Elegant Universe: Superstrings, Hidden Dimensions, and the Quest for the Ultimate Theory",Â£13.03,Four,In stock
book_637,"The Disappearing Spoon: And Other True Tales of Madness, Love, and the History of the World from the Periodic Table of the Elements",Â£57.35,Five,In stock
book_638,The Devil Wears Prada (The Devil Wears Prada #1),Â£44.29,One,In stock
book_639,The Demon-Haunted World: Science as a Candle in the Dark,Â£52.25,Four,In stock
book_640,The Day the Crayons Came Home (Crayons),Â£26.33,Five,In stock
book_641,The Da Vinci Code (Robert Langdon #2),Â£22.96,Two,In stock
book_642,The Cuckoo's Calling (Cormoran Strike #1),Â£19.21,One,In stock
book_643,The Complete Stories and Poems (The Works of Edgar Allan Poe [Cameo Edition]),Â£26.78,Four,In stock
book_644,The Complete Poems,Â£41.32,Five,In stock
book_645,The Catcher in the Rye,Â£24.55,One,In stock
book_646,The Cat in the Hat (Beginner Books B-1),Â£16.26,Two,In stock
book_647,The Case for Christ (Cases for Christianity),Â£47.84,One,In stock
book_648,The Book Thief,Â£53.49,Two,In stock
book_649,The Book of Basketball: The NBA According to The Sports Guy,Â£44.84,Five,In stock
book_650,The Blind Side: Evolution of a Game,Â£53.71,Five,In stock
book_651,The Autobiography of Malcolm X,Â£23.43,Two,In stock
book_652,"The Art of Simple Food: Notes, Lessons, and Recipes from a Delicious Revolution",Â£34.32,Three,In stock
book_653,The Art of Fielding,Â£22.10,One,In stock
book_654,"Surely You're Joking, Mr. Feynman!: Adventures of a Curious Character",Â£25.83,Two,In stock
book_655,Stiff: The Curious Lives of Human Cadavers,Â£36.74,Three,In stock
book_656,Spilled Milk: Based on a True Story,Â£49.51,One,In stock
book_657,Something Borrowed (Darcy & Rachel #1),Â£48.96,Five,In stock
book_658,Something Blue (Darcy & Rachel #2),Â£54.62,One,In stock
book_659,Soldier (Talon #3),Â£24.72,Two,In stock
book_660,Shopaholic & Baby (Shopaholic #5),Â£46.45,Two,In stock
book_661,The Nameless City (The Nameless City #1),Â£38.16,Four,In stock
book_662,The Murder That Never Was (Forensic Instincts #5),Â£54.11,Three,In stock
book_663,The Most Perfect Thing: Inside (and Outside) a Bird's Egg,Â£42.96,Four,In stock
book_664,"The Mindfulness and Acceptance Workbook for Anxiety: A Guide to Breaking Free from Anxiety, Phobias, and Worry Using Acceptance and Commitment Therapy",Â£23.89,Four,In stock
book_665,The Life-Changing Magic of Tidying Up: The Japanese Art of Decluttering and Organizing,Â£16.77,Three,In stock
book_666,"The Inefficiency Assassin: Time Management Tactics for Working Smarter, Not Longer",Â£20.59,Five,In stock
book_667,The Gutsy Girl: Escapades for Your Life of Epic Adventure,Â£37.13,One,In stock
book_668,The Electric Pencil: Drawings from Inside State Hospital No. 3,Â£56.06,One,In stock
book_669,The Death of Humanity: and the Case for Life,Â£58.11,Four,In stock
book_670,"The Bulletproof Diet: Lose up to a Pound a Day, Reclaim Energy and Focus, Upgrade Your Life",Â£49.05,Three,In stock
book_671,The Art Forger,Â£40.76,Three,In stock
book_672,The Age of Genius: The Seventeenth Century and the Birth of the Modern Mind,Â£19.73,One,In stock
book_673,The Activist's Tao Te Ching: Ancient Advice for a Modern Revolution,Â£32.24,Five,In stock
book_674,Spark Joy: An Illustrated Master Class on the Art of Organizing and Tidying Up,Â£41.83,Four,In stock
book_675,Soul Reader,Â£39.58,Two,In stock
book_676,Security,Â£39.25,Two,In stock
book_677,"Saga, Volume 6 (Saga (Collected Editions) #6)",Â£25.02,Three,In stock
book_678,"Saga, Volume 5 (Saga (Collected Editions) #5)",Â£51.04,Two,In stock
book_679,Reskilling America: Learning to Labor in the Twenty-First Century,Â£19.83,Two,In stock
book_680,"Rat Queens, Vol. 3: Demons (Rat Queens (Collected Editions) #11-15)",Â£50.40,Three,In stock
book_681,Seven Days in the Art World,Â£52.33,Two,In stock
book_682,Seven Brief Lessons on Physics,Â£30.60,Four,In stock
book_683,Scarlet (The Lunar Chronicles #2),Â£14.57,Four,In stock
book_684,Sarah's Key,Â£46.29,One,In stock
book_685,"Saga, Volume 3 (Saga (Collected Editions) #3)",Â£21.57,Five,In stock
book_686,Running with Scissors,Â£12.91,Four,In stock
book_687,Rogue Lawyer (Rogue Lawyer #1),Â£50.11,Three,In stock
book_688,"Rise of the Rocket Girls: The Women Who Propelled Us, from Missiles to the Moon to Mars",Â£41.67,Four,In stock
book_689,Rework,Â£44.88,Two,In stock
book_690,Reservations for Two,Â£11.10,Three,In stock
book_691,Red: The True Story of Red Riding Hood,Â£28.54,Three,In stock
book_692,Ready Player One,Â£19.07,Four,In stock
book_693,Quiet: The Power of Introverts in a World That Can't Stop Talking,Â£43.55,One,In stock
book_694,Prodigy: The Graphic Novel (Legend: The Graphic Novel #2),Â£43.63,Three,In stock
book_695,Persepolis: The Story of a Childhood (Persepolis #1-2),Â£39.13,One,In stock
book_696,Packing for Mars: The Curious Science of Life in the Void,Â£56.68,Two,In stock
book_697,Outliers: The Story of Success,Â£14.16,One,In stock
book_698,Original Fake,Â£31.45,Three,In stock
book_699,Orange Is the New Black,Â£24.61,Two,In stock
book_700,One for the Money (Stephanie Plum #1),Â£32.87,Two,In stock
book_701,Notes from a Small Island (Notes From a Small Island #1),Â£40.17,One,In stock
book_702,Night (The Night Trilogy #1),Â£13.51,One,In stock
book_703,Neither Here nor There: Travels in Europe,Â£38.95,Three,In stock
book_704,Naked,Â£31.69,Three,In stock
book_705,Morning Star (Red Rising #3),Â£29.40,One,In stock
book_706,"Miracles from Heaven: A Little Girl, Her Journey to Heaven, and Her Amazing Story of Healing",Â£57.83,One,In stock
book_707,Midnight Riot (Peter Grant/ Rivers of London - books #1),Â£55.46,Two,In stock
book_708,Me Talk Pretty One Day,Â£57.60,Two,In stock
book_709,Manuscript Found in Accra,Â£34.98,Two,In stock
book_710,Lust & Wonder,Â£11.87,Two,In stock
book_711,Lila (Gilead #3),Â£12.47,Three,In stock
book_712,"Life, the Universe and Everything (Hitchhiker's Guide to the Galaxy #3)",Â£33.26,Two,In stock
book_713,Life Without a Recipe,Â£59.04,Five,In stock
book_714,Life After Life,Â£26.13,Two,In stock
book_715,Letter to a Christian Nation,Â£22.20,One,In stock
book_716,Let's Pretend This Never Happened: A Mostly True Memoir,Â£45.11,One,In stock
book_717,Legend (Legend #1),Â£43.69,Four,In stock
book_718,"Lean In: Women, Work, and the Will to Lead",Â£25.02,One,In stock
book_719,"Lamb: The Gospel According to Biff, Christ's Childhood Pal",Â£55.50,Five,In stock
book_720,Lady Renegades (Rebel Belle #3),Â£53.04,Five,In stock
book_721,Jurassic Park (Jurassic Park #1),Â£44.97,One,In stock
book_722,It's Never Too Late to Begin Again: Discovering Creativity and Meaning at Midlife and Beyond,Â£42.38,One,In stock
book_723,Is Everyone Hanging Out Without Me? (And Other Concerns),Â£20.11,Three,In stock
book_724,Into the Wild,Â£56.70,Five,In stock
book_725,Inferno (Robert Langdon #4),Â£41.00,Five,In stock
book_726,"In the Garden of Beasts: Love, Terror, and an American Family in Hitler's Berlin",Â£28.85,Three,In stock
book_727,If I Run (If I Run #1),Â£49.97,Four,In stock
book_728,I've Got Your Number,Â£19.69,One,In stock
book_729,I Am Malala: The Girl Who Stood Up for Education and Was Shot by the Taliban,Â£28.88,Two,In stock
book_730,Hungry Girl Clean & Hungry: Easy All-Natural Recipes for Healthy Eating in the Real World,Â£33.14,Three,In stock
book_731,"House of Lost Worlds: Dinosaurs, Dynasties, and the Story of Life on Earth",Â£43.70,Two,In stock
book_732,House of Leaves,Â£54.89,One,In stock
book_733,Horrible Bear!,Â£37.52,Two,In stock
book_734,Holidays on Ice,Â£51.07,Two,In stock
book_735,Heir to the Sky,Â£44.07,Four,In stock
book_736,Green Eggs and Ham (Beginner Books B-16),Â£10.79,Four,In stock
book_737,"Grayson, Vol 3: Nemesis (Grayson #3)",Â£42.72,One,In stock
book_738,Gratitude,Â£26.66,Five,In stock
book_739,Gone Girl,Â£37.60,Five,In stock
book_740,Golden (Heart of Dread #3),Â£42.21,Four,In stock
book_741,Girl in the Blue Coat,Â£46.83,Two,In stock
book_742,"Fruits Basket, Vol. 3 (Fruits Basket #3)",Â£45.17,Two,In stock
book_743,"Friday Night Lights: A Town, a Team, and a Dream",Â£51.22,Three,In stock
book_744,Fire Bound (Sea Haven/Sisters of the Heart #5),Â£21.28,Four,In stock
book_745,Fifty Shades Freed (Fifty Shades #3),Â£15.36,Five,In stock
book_746,Fellside,Â£38.62,One,In stock
book_747,Extreme Prey (Lucas Davenport #26),Â£25.40,Three,In stock
book_748,Eragon (The Inheritance Cycle #1),Â£43.87,Three,In stock
book_749,Eclipse (Twilight #3),Â£18.74,One,In stock
book_750,Dune (Dune #1),Â£54.86,One,In stock
book_751,Dracula,Â£52.62,Three,In stock
book_752,Do Androids Dream of Electric Sheep? (Blade Runner #1),Â£51.48,One,In stock
book_753,Disrupted: My Misadventure in the Start-Up Bubble,Â£15.28,Five,In stock
book_754,Dead Wake: The Last Crossing of the Lusitania,Â£39.24,Five,In stock
book_755,"David and Goliath: Underdogs, Misfits, and the Art of Battling Giants",Â£17.81,One,In stock
book_756,Darkfever (Fever #1),Â£56.02,One,In stock
book_757,Dark Places,Â£23.90,Five,In stock
book_758,Crazy Rich Asians (Crazy Rich Asians #1),Â£49.13,Five,In stock
book_759,Counting Thyme,Â£10.62,One,In stock
book_760,Cosmos,Â£36.17,Two,In stock
book_761,Civilization and Its Discontents,Â£59.95,Two,In stock
book_762,Cinder (The Lunar Chronicles #1),Â£26.09,One,In stock
book_763,Catastrophic Happiness: Finding Joy in Childhood's Messy Years,Â£37.35,Two,In stock
book_764,Career of Evil (Cormoran Strike #3),Â£24.72,Two,In stock
book_765,Breaking Dawn (Twilight #4),Â£35.28,Five,In stock
book_766,Brave Enough,Â£51.32,Five,In stock
book_767,Boy Meets Boy,Â£21.12,Three,In stock
book_768,"Born to Run: A Hidden Tribe, Superathletes, and the Greatest Race the World Has Never Seen",Â£27.35,Two,In stock
book_769,Blink: The Power of Thinking Without Thinking,Â£21.74,Five,In stock
book_770,Black Flags: The Rise of ISIS,Â£40.87,One,In stock
book_771,"Black Butler, Vol. 1 (Black Butler #1)",Â£49.31,One,In stock
book_772,Big Little Lies,Â£22.11,One,In stock
book_773,Between Shades of Gray,Â£20.79,Five,In stock
book_774,Best of My Love (Fool's Gold #20),Â£27.41,Two,In stock
book_775,Beowulf,Â£38.35,Two,In stock
book_776,Beautiful Creatures (Caster Chronicles #1),Â£21.55,Five,In stock
book_777,Awkward,Â£38.02,Two,In stock
book_778,Ash,Â£22.06,Four,In stock
book_779,Are We There Yet?,Â£10.66,Three,In stock
book_780,Are We Smart Enough to Know How Smart Animals Are?,Â£56.58,One,In stock
book_781,Annie on My Mind,Â£36.83,Five,In stock
book_782,And Then There Were None,Â£35.01,Two,In stock
book_783,A Walk in the Woods: Rediscovering America on the Appalachian Trail,Â£30.48,Four,In stock
book_784,A Visit from the Goon Squad,Â£14.08,Five,In stock
book_785,A Storm of Swords (A Song of Ice and Fire #3),Â£31.22,Two,In stock
book_786,A Heartbreaking Work of Staggering Genius,Â£54.29,Five,In stock
book_787,8 Keys to Mental Health Through Exercise,Â£31.04,One,In stock
book_788,#GIRLBOSS,Â£50.96,One,In stock
book_789,"The Suffragettes (Little Black Classics, #96)",Â£11.89,Two,In stock
book_790,The Sense of an Ending,Â£31.38,Three,In stock
book_791,"The Sandman, Vol. 2: The Doll's House (The Sandman (volumes) #2)",Â£54.81,One,In stock
book_792,The Course of Love,Â£16.78,Three,In stock
book_793,Sugar Rush (Offensive Line #2),Â£24.42,One,In stock
book_794,"Saga, Volume 2 (Saga (Collected Editions) #2)",Â£11.75,Three,In stock
book_795,"Run, Spot, Run: The Ethics of Keeping Pets",Â£20.02,One,In stock
book_796,New Moon (Twilight #2),Â£12.86,Four,In stock
book_797,Life,Â£31.58,Five,In stock
book_798,Kindle Paperwhite User's Guide,Â£34.00,Three,In stock
book_799,H is for Hawk,Â£57.42,Five,In stock
book_800,Girl Online On Tour (Girl Online #2),Â£53.47,One,In stock
book_801,"Fruits Basket, Vol. 2 (Fruits Basket #2)",Â£11.64,Five,In stock
book_802,Diary of a Minecraft Zombie Book 1: A Scare of a Dare (An Unofficial Minecraft Book),Â£52.88,Four,In stock
book_803,"Y: The Last Man, Vol. 1: Unmanned (Y: The Last Man #1)",Â£18.51,Four,In stock
book_804,While You Were Mine,Â£41.32,Five,In stock
book_805,Where Lightning Strikes (Bleeding Stars #3),Â£39.77,Three,In stock
book_806,When I'm Gone,Â£51.96,Three,In stock
book_807,Ways of Seeing,Â£39.51,Five,In stock
book_808,"Vampire Knight, Vol. 1 (Vampire Knight #1)",Â£15.40,One,In stock
book_809,Vampire Girl (Vampire Girl #1),Â£53.82,Two,In stock
book_810,Twenty Love Poems and a Song of Despair,Â£30.95,Four,In stock
book_811,Travels with Charley: In Search of America,Â£57.82,Five,In stock
book_812,Three Wishes (River of Time: California #1),Â£44.18,Two,In stock
book_813,This One Moment (Pushing Limits #1),Â£48.71,One,In stock
book_814,The Zombie Room,Â£19.69,Five,In stock
book_815,"The Wicked + The Divine, Vol. 1: The Faust Act (The Wicked + The Divine)",Â£36.52,Two,In stock
book_816,The Tumor,Â£41.56,Five,In stock
book_817,The Story of Hong Gildong,Â£43.19,Four,In stock
book_818,The Silent Wife,Â£12.34,Five,In stock
book_819,The Silent Twin (Detective Jennifer Knight #3),Â£36.25,Three,In stock
book_820,The Selfish Gene,Â£29.45,One,In stock
book_821,The Secret Healer,Â£34.56,Three,In stock
book_822,"The Sandman, Vol. 1: Preludes and Nocturnes (The Sandman (volumes) #1)",Â£54.12,Three,In stock
book_823,The Republic,Â£33.78,Three,In stock
book_824,The Odyssey,Â£29.64,Three,In stock
book_825,The No. 1 Ladies' Detective Agency (No. 1 Ladies' Detective Agency #1),Â£57.70,Four,In stock
book_826,The Nicomachean Ethics,Â£36.34,One,In stock
book_827,The Name of the Wind (The Kingkiller Chronicle #1),Â£50.59,Three,In stock
book_828,The Mirror & the Maze (The Wrath and the Dawn #1.5),Â£29.38,One,In stock
book_829,The Little Prince,Â£45.42,Two,In stock
book_830,The Light of the Fireflies,Â£54.43,One,In stock
book_831,The Last Girl (The Dominion Trilogy #1),Â£36.26,Two,In stock
book_832,The Iliad,Â£16.16,One,In stock
book_833,The Hook Up (Game On #1),Â£36.29,Five,In stock
book_834,The Haters,Â£27.89,Five,In stock
book_835,The Girl You Lost,Â£12.29,Five,In stock
book_836,The Girl In The Ice (DCI Erika Foster #1),Â£15.85,Three,In stock
book_837,The End of the Jesus Era (An Investigation #1),Â£14.40,One,In stock
book_838,The Edge of Reason (Bridget Jones #2),Â£19.18,Four,In stock
book_839,The Complete Maus (Maus #1-2),Â£10.64,Three,In stock
book_840,The Communist Manifesto,Â£14.76,Three,In stock
book_841,The Bhagavad Gita,Â£57.49,Three,In stock
book_842,The Bette Davis Club,Â£30.66,Three,In stock
book_843,The Art of Not Breathing,Â£40.83,Four,In stock
book_844,Taking Shots (Assassins #1),Â£18.88,Two,In stock
book_845,Starlark,Â£25.83,Three,In stock
book_846,"Skip Beat!, Vol. 01 (Skip Beat! #1)",Â£42.12,Three,In stock
book_847,Sister Sable (The Mad Queen #1),Â£13.33,Three,In stock
book_848,Shatter Me (Shatter Me #1),Â£42.40,One,In stock
book_849,Shameless,Â£58.35,Three,In stock
book_850,Shadow Rites (Jane Yellowrock #10),Â£21.72,Four,In stock
book_851,Settling the Score (The Summer Games #1),Â£44.91,Two,In stock
book_852,Sense and Sensibility,Â£37.46,One,In stock
book_853,"Saga, Volume 1 (Saga (Collected Editions) #1)",Â£28.48,One,In stock
book_854,"Rhythm, Chord & Malykhin",Â£28.34,Two,In stock
book_855,"Rat Queens, Vol. 1: Sass & Sorcery (Rat Queens (Collected Editions) #1-5)",Â£46.96,Five,In stock
book_856,Paradise Lost (Paradise #1),Â£24.96,One,In stock
book_857,"Paper Girls, Vol. 1 (Paper Girls #1-5)",Â£21.71,Four,In stock
book_858,"Ouran High School Host Club, Vol. 1 (Ouran High School Host Club #1)",Â£29.87,Three,In stock
book_859,Origins (Alphas 0.5),Â£28.99,One,In stock
book_860,One Second (Seven #7),Â£52.94,Two,In stock
book_861,On the Road (Duluoz Legend),Â£32.36,Three,In stock
book_862,Old Records Never Die: One Man's Quest for His Vinyl and His Past,Â£55.66,Two,In stock
book_863,Off Sides (Off #1),Â£39.45,Five,In stock
book_864,Of Mice and Men,Â£47.11,Two,In stock
book_865,Myriad (Prentor #1),Â£58.75,Four,In stock
book_866,My Perfect Mistake (Over the Top #1),Â£38.92,Two,In stock
book_867,"Ms. Marvel, Vol. 1: No Normal (Ms. Marvel (2014-2015) #1)",Â£39.39,Four,In stock
book_868,Meditations,Â£25.89,Two,In stock
book_869,Matilda,Â£28.34,One,In stock
book_870,Lost Among the Living,Â£27.70,Four,In stock
book_871,Lord of the Flies,Â£24.89,Three,In stock
book_872,Listen to Me (Fusion #1),Â£58.99,Three,In stock
book_873,Kitchens of the Great Midwest,Â£57.20,Five,In stock
book_874,Jane Eyre,Â£38.43,Five,In stock
book_875,Imperfect Harmony,Â£34.74,Four,In stock
book_876,Icing (Aces Hockey #2),Â£40.44,Four,In stock
book_877,"Hawkeye, Vol. 1: My Life as a Weapon (Hawkeye #1)",Â£45.24,Three,In stock
book_878,Having the Barbarian's Baby (Ice Planet Barbarians #7.5),Â£34.96,Four,In stock
book_879,"Giant Days, Vol. 1 (Giant Days #1-4)",Â£56.76,Four,In stock
book_880,"Fruits Basket, Vol. 1 (Fruits Basket #1)",Â£40.28,Five,In stock
book_881,"Princess Jellyfish 2-in-1 Omnibus, Vol. 01 (Princess Jellyfish 2-in-1 Omnibus #1)",Â£13.61,Five,In stock
book_882,Princess Between Worlds (Wide-Awake Princess #5),Â£13.34,Five,In stock
book_883,"Pop Gun War, Volume 1: Gift",Â£18.97,One,In stock
book_884,"Political Suicide: Missteps, Peccadilloes, Bad Calls, Backroom Hijinx, Sordid Pasts, Rotten Breaks, and Just Plain Dumb Mistakes in the Annals of American Politics",Â£36.28,Two,In stock
book_885,Patience,Â£10.16,Three,In stock
book_886,"Outcast, Vol. 1: A Darkness Surrounds Him (Outcast #1)",Â£15.44,Four,In stock
book_887,orange: The Complete Collection 1 (orange: The Complete Collection #1),Â£48.41,One,In stock
book_888,Online Marketing for Busy Authors: A Step-By-Step Guide,Â£46.35,One,In stock
book_889,On a Midnight Clear,Â£14.07,Three,In stock
book_890,Obsidian (Lux #1),Â£14.86,Two,In stock
book_891,My Paris Kitchen: Recipes and Stories,Â£33.37,Two,In stock
book_892,Masks and Shadows,Â£56.40,Two,In stock
book_893,"Mama Tried: Traditional Italian Cooking for the Screwed, Crude, Vegan, and Tattooed",Â£14.02,Four,In stock
book_894,"Lumberjanes, Vol. 2: Friendship to the Max (Lumberjanes #5-8)",Â£46.91,Two,In stock
book_895,"Lumberjanes, Vol. 1: Beware the Kitten Holy (Lumberjanes #1-4)",Â£45.61,Three,In stock
book_896,Lumberjanes Vol. 3: A Terrible Plan (Lumberjanes #9-12),Â£19.92,Two,In stock
book_897,"Layered: Baking, Building, and Styling Spectacular Cakes",Â£40.11,One,In stock
book_898,Judo: Seven Steps to Black Belt (an Introductory Guide for Beginners),Â£53.90,Two,In stock
book_899,Join,Â£35.67,Five,In stock
book_900,In the Country We Love: My Family Divided,Â£22.00,Four,In stock
book_901,Frankenstein,Â£38.00,Two,In stock
book_902,Forever Rockers (The Rocker #12),Â£28.80,Three,In stock
book_903,Fighting Fate (Fighting #6),Â£39.24,Three,In stock
book_904,Emma,Â£32.93,Two,In stock
book_905,"Eat, Pray, Love",Â£51.32,Three,In stock
book_906,Deep Under (Walker Security #1),Â£47.09,Five,In stock
book_907,Choosing Our Religion: The Spiritual Lives of America's Nones,Â£28.42,Four,In stock
book_908,Charlie and the Chocolate Factory (Charlie Bucket #1),Â£22.85,Three,In stock
book_909,Charity's Cross (Charles Towne Belles #4),Â£41.24,One,In stock
book_910,Bright Lines,Â£39.07,Five,In stock
book_911,Bridget Jones's Diary (Bridget Jones #1),Â£29.82,One,In stock
book_912,Bounty (Colorado Mountain #7),Â£37.26,Four,In stock
book_913,Blood Defense (Samantha Brinkman #1),Â£20.30,Three,In stock
book_914,"Bleach, Vol. 1: Strawberry and the Soul Reapers (Bleach #1)",Â£34.65,Five,In stock
book_915,Beyond Good and Evil,Â£43.38,One,In stock
book_916,Alice in Wonderland (Alice's Adventures in Wonderland #1),Â£55.53,One,In stock
book_917,"Ajin: Demi-Human, Volume 1 (Ajin: Demi-Human #1)",Â£57.06,Four,In stock
book_918,A Spy's Devotion (The Regency Spies of London #1),Â£16.97,Five,In stock
book_919,1st to Die (Women's Murder Club #1),Â£53.98,One,In stock
book_920,"1,000 Places to See Before You Die",Â£26.08,Five,In stock
book_921,Immunity: How Elie Metchnikoff Changed the Course of Modern Medicine,Â£57.36,Five,In stock
book_922,"I Hate Fairyland, Vol. 1: Madly Ever After (I Hate Fairyland (Compilations) #1-5)",Â£29.17,Two,In stock
book_923,I am a Hero Omnibus Volume 1,Â£54.63,Three,In stock
book_924,How to Be Miserable: 40 Strategies You Already Use,Â£46.03,One,In stock
book_925,Her Backup Boyfriend (The Sorensen Family #1),Â£33.97,One,In stock
book_926,"Giant Days, Vol. 2 (Giant Days #5-8)",Â£22.11,Two,In stock
book_927,Forever and Forever: The Courtship of Henry Longfellow and Fanny Appleton,Â£29.69,Three,In stock
book_928,First and First (Five Boroughs #3),Â£15.97,Four,In stock
book_929,Fifty Shades Darker (Fifty Shades #2),Â£21.96,One,In stock
book_930,Everydata: The Misinformation Hidden in the Little Data You Consume Every Day,Â£54.35,Two,In stock
book_931,"Don't Be a Jerk: And Other Practical Advice from Dogen, Japan's Greatest Zen Master",Â£37.97,Two,In stock
book_932,Danganronpa Volume 1,Â£51.99,Four,In stock
book_933,Crown of Midnight (Throne of Glass #2),Â£43.29,Three,In stock
book_934,"Codename Baboushka, Volume 1: The Conclave of Death",Â£36.72,Four,In stock
book_935,Camp Midnight,Â£17.08,Four,In stock
book_936,Call the Nurse: True Stories of a Country Nurse on a Scottish Isle,Â£29.14,Five,In stock
book_937,Burning,Â£28.81,Three,In stock
book_938,Bossypants,Â£49.46,Two,In stock
book_939,"Bitch Planet, Vol. 1: Extraordinary Machine (Bitch Planet (Collected Editions))",Â£37.92,Two,In stock
book_940,"Avatar: The Last Airbender: Smoke and Shadow, Part 3 (Smoke and Shadow #3)",Â£28.09,Two,In stock
book_941,Algorithms to Live By: The Computer Science of Human Decisions,Â£30.81,One,In stock
book_942,A World of Flavor: Your Gluten Free Passport,Â£42.95,One,In stock
book_943,"A Piece of Sky, a Grain of Rice: A Memoir in Four Meditations",Â£56.76,Five,In stock
book_944,A Murder in Time,Â£16.64,One,In stock
book_945,A Flight of Arrows (The Pathfinders #2),Â£55.53,Five,In stock
book_946,A Fierce and Subtle Poison,Â£28.13,Four,In stock
book_947,A Court of Thorns and Roses (A Court of Thorns and Roses #1),Â£52.37,One,In stock
book_948,(Un)Qualified: How God Uses Broken People to Do Big Things,Â£54.00,Five,In stock
book_949,You Are What You Love: The Spiritual Power of Habit,Â£21.87,Four,In stock
book_950,"William Shakespeare's Star Wars: Verily, A New Hope (William Shakespeare's Star Wars #4)",Â£43.30,Four,In stock
book_951,Tuesday Nights in 1980,Â£21.04,Two,In stock
book_952,Tracing Numbers on a Train,Â£41.60,Three,In stock
book_953,Throne of Glass (Throne of Glass #1),Â£35.07,Three,In stock
book_954,Thomas Jefferson and the Tripoli Pirates: The Forgotten War That Changed American History,Â£59.64,One,In stock
book_955,Thirteen Reasons Why,Â£52.72,One,In stock
book_956,The White Cat and the Monk: A Retelling of the Poem âPangur BÃ¡nâ,Â£58.08,Four,In stock
book_957,The Wedding Dress,Â£24.12,One,In stock
book_958,The Vacationers,Â£42.15,Four,In stock
book_959,The Third Wave: An Entrepreneurâs Vision of the Future,Â£12.61,Five,In stock
book_960,The Stranger,Â£17.44,Four,In stock
book_961,The Shadow Hero (The Shadow Hero),Â£33.14,One,In stock
book_962,The Secret (The Secret #1),Â£27.37,Four,In stock
book_963,The Regional Office Is Under Attack!,Â£51.36,Five,In stock
book_964,The Psychopath Test: A Journey Through the Madness Industry,Â£36.00,Two,In stock
book_965,The Project,Â£10.65,One,In stock
book_966,The Power of Now: A Guide to Spiritual Enlightenment,Â£43.54,Two,In stock
book_967,The Omnivore's Dilemma: A Natural History of Four Meals,Â£38.21,Two,In stock
book_968,The Nerdy Nummies Cookbook: Sweet Treats for the Geek in All of Us,Â£37.34,Five,In stock
book_969,The Murder of Roger Ackroyd (Hercule Poirot #4),Â£44.10,Four,In stock
book_970,The Mistake (Off-Campus #2),Â£43.29,Three,In stock
book_971,The Matchmaker's Playbook (Wingmen Inc. #1),Â£55.85,One,In stock
book_972,The Love and Lemons Cookbook: An Apple-to-Zucchini Celebration of Impromptu Cooking,Â£37.60,Two,In stock
book_973,The Long Shadow of Small Ghosts: Murder and Memory in an American City,Â£10.97,One,In stock
book_974,The Kite Runner,Â£41.82,Four,In stock
book_975,The House by the Lake,Â£36.95,One,In stock
book_976,The Glittering Court (The Glittering Court #1),Â£44.28,One,In stock
book_977,The Girl on the Train,Â£55.02,Two,In stock
book_978,The Genius of Birds,Â£17.24,One,In stock
book_979,The Emerald Mystery,Â£23.15,Two,In stock
book_980,The Cookies & Cups Cookbook: 125+ sweet & savory recipes reminding you to Always Eat Dessert First,Â£41.25,One,In stock
book_981,The Bridge to Consciousness: I'm Writing the Bridge Between Science and Our Old and New Beliefs.,Â£32.00,Three,In stock
book_982,The Artist's Way: A Spiritual Path to Higher Creativity,Â£38.49,Five,In stock
book_983,The Art of War,Â£33.34,Five,In stock
book_984,The Argonauts,Â£10.93,Two,In stock
book_985,The 10% Entrepreneur: Live Your Startup Dream Without Quitting Your Day Job,Â£27.55,Three,In stock
book_986,Suddenly in Love (Lake Haven #1),Â£55.99,Two,In stock
book_987,Something More Than This,Â£16.24,Four,In stock
book_988,Soft Apocalypse,Â£26.12,Two,In stock
book_989,So You've Been Publicly Shamed,Â£12.23,Two,In stock
book_990,Shoe Dog: A Memoir by the Creator of NIKE,Â£23.99,Two,In stock
book_991,"Shobu Samurai, Project Aryoku (#3)",Â£29.06,Three,In stock
book_992,Secrets and Lace (Fatal Hearts #1),Â£20.27,One,In stock
book_993,Scarlett Epstein Hates It Here,Â£43.55,Five,In stock
book_994,Romero and Juliet: A Tragic Tale of Love and Zombies,Â£36.94,One,In stock
book_995,Redeeming Love,Â£20.47,Five,In stock
book_996,Poses for Artists Volume 1 - Dynamic and Sitting Poses: An Essential Reference for Figure Drawing and the Human Form,Â£41.06,One,In stock
book_997,Poems That Make Grown Women Cry,Â£14.19,Four,In stock
book_998,"Nightingale, Sing",Â£38.28,One,In stock
book_999,Night Sky with Exit Wounds,Â£41.05,One,In stock
book_1000,Mrs. Houdini,Â£30.25,Five,In stock
